date,close,usd_close,selic
2025-03-11,123507.0,5.8103,13.25
2025-03-10,124519.0,5.8555,13.25
2025-03-07,125035.0,5.7874,13.25
2025-03-06,123358.0,5.7639,13.25
2025-03-05,123047.0,5.7394,13.25
2025-02-28,122799.0,5.8852,13.25
2025-02-27,124799.0,5.8401,13.25
2025-02-26,124769.0,5.8035,13.25
2025-02-25,12598.0,5.7396,13.25
2025-02-24,125401.0,5.7785,13.25
2025-02-21,127128.0,5.732,13.25
2025-02-20,127601.0,5.7029,13.25
2025-02-19,127309.0,5.7214,13.25
2025-02-18,128532.0,5.6892,13.25
2025-02-17,128552.0,5.713,13.25
2025-02-14,128219.0,5.7042,13.25
2025-02-13,12485.0,5.7669,13.25
2025-02-12,12438.0,5.7649,13.25
2025-02-11,126522.0,5.7635,13.25
2025-02-10,125572.0,5.7874,13.25
2025-02-07,124619.0,5.8058,13.25
2025-02-06,126225.0,5.7617,13.25
2025-02-05,125534.0,5.7973,13.25
2025-02-04,125147.0,5.754,13.25
2025-02-03,12597.0,5.8066,13.25
2025-01-31,126135.0,5.841,13.25
2025-01-30,126913.0,5.874,13.25
2025-01-29,123432.0,5.8563,13.25
2025-01-28,124056.0,5.8571,12.25
2025-01-27,124862.0,5.8926,12.25
2025-01-24,122447.0,5.9109,12.25
2025-01-23,122483.0,5.9243,12.25
2025-01-22,122972.0,5.9415,12.25
2025-01-21,123338.0,6.022,12.25
2025-01-20,122855.0,6.0315,12.25
2025-01-17,12235.0,6.0704,12.25
2025-01-16,121234.0,6.0499,12.25
2025-01-15,12265.0,6.0098,12.25
2025-01-14,119299.0,6.0559,12.25
2025-01-13,119007.0,6.0944,12.25
2025-01-10,118856.0,6.1053,12.25
2025-01-09,119781.0,6.0364,12.25
2025-01-08,119625.0,6.1055,12.25
2025-01-07,121163.0,6.101,12.25
2025-01-06,120022.0,6.1152,12.25
2025-01-03,118533.0,6.1798,12.25
2025-01-02,120125.0,6.1519,12.25
2024-12-30,120283.0,6.1778,12.25
2024-12-27,120269.0,6.1964,12.25
2024-12-26,121078.0,6.1828,12.25
2024-12-23,120767.0,6.1939,12.25
2024-12-20,122102.0,6.0853,12.25
2024-12-19,121188.0,6.1525,12.25
2024-12-18,120772.0,6.2896,12.25
2024-12-17,124698.0,6.1048,12.25
2024-12-16,12356.0,6.1479,12.25
2024-12-13,124612.0,6.0419,12.25
2024-12-12,126042.0,5.9915,12.25
2024-12-11,129593.0,5.9543,12.25
2024-12-10,128228.0,6.045,11.25
2024-12-09,12721.0,6.0788,11.25
2024-12-06,125946.0,6.0894,11.25
2024-12-05,127858.0,6.0113,11.25
2024-12-04,126087.0,6.0409,11.25
2024-12-03,126139.0,6.044,11.25
2024-12-02,125236.0,6.058,11.25
2024-11-29,125668.0,5.973,11.25
2024-11-28,12461.0,6.0142,11.25
2024-11-27,127669.0,5.9377,11.25
2024-11-26,129922.0,5.8095,11.25
2024-11-25,129036.0,5.7983,11.25
2024-11-22,129126.0,5.801,11.25
2024-11-21,126922.0,5.8144,11.25
2024-11-19,128197.0,5.7694,11.25
2024-11-18,127768.0,5.7473,11.25
2024-11-14,127792.0,5.789,11.25
2024-11-13,127734.0,5.8061,11.25
2024-11-12,127698.0,5.749,11.25
2024-11-11,127874.0,5.7559,11.25
2024-11-08,12783.0,5.7376,11.25
2024-11-07,129682.0,5.6923,11.25
2024-11-06,130341.0,5.6793,11.25
2024-11-05,130661.0,5.7508,10.75
2024-11-04,130515.0,5.7916,10.75
2024-11-01,128121.0,5.8681,10.75
2024-10-31,129713.0,5.7867,10.75
2024-10-30,130639.0,5.763,10.75
2024-10-29,13073.0,5.7604,10.75
2024-10-28,131213.0,5.7096,10.75
2024-10-25,129893.0,5.7073,10.75
2024-10-24,130067.0,5.6643,10.75
2024-10-23,129233.0,5.6884,10.75
2024-10-22,129951.0,5.6894,10.75
2024-10-21,130362.0,5.6939,10.75
2024-10-18,130499.0,5.6912,10.75
2024-10-17,130793.0,5.6546,10.75
2024-10-16,13175.0,5.6652,10.75
2024-10-15,131043.0,5.6502,10.75
2024-10-14,131005.0,5.5928,10.75
2024-10-11,129992.0,5.6126,10.75
2024-10-10,130353.0,5.5821,10.75
2024-10-09,129962.0,5.5941,10.75
2024-10-08,131512.0,5.5349,10.75
2024-10-07,132018.0,5.49,10.75
2024-10-04,131792.0,5.4555,10.75
2024-10-03,131672.0,5.4759,10.75
2024-10-02,133515.0,5.4407,10.75
2024-10-01,132495.0,5.4368,10.75
2024-09-30,131816.0,5.4482,10.75
2024-09-27,13273.0,5.4329,10.75
2024-09-26,13301.0,5.4375,10.75
2024-09-25,131586.0,5.4774,10.75
2024-09-24,132156.0,5.4547,10.75
2024-09-23,130568.0,5.5364,10.75
2024-09-20,131065.0,5.5103,10.75
2024-09-19,133123.0,5.4263,10.75
2024-09-18,133748.0,5.4612,10.75
2024-09-17,13496.0,5.4825,10.5
2024-09-16,135118.0,5.51,10.5
2024-09-13,134882.0,5.564,10.5
2024-09-12,134029.0,5.6276,10.5
2024-09-11,134677.0,5.6618,10.5
2024-09-10,13432.0,5.6582,10.5
2024-09-09,134737.0,5.5842,10.5
2024-09-06,134572.0,5.599,10.5
2024-09-05,136502.0,5.5741,10.5
2024-09-04,136111.0,5.6399,10.5
2024-09-03,134353.0,5.6454,10.5
2024-09-02,134906.0,5.6177,10.5
2024-08-30,136004.0,5.6103,10.5
2024-08-29,136041.0,5.6266,10.5
2024-08-28,137344.0,5.5644,10.5
2024-08-27,136776.0,5.5082,10.5
2024-08-26,136889.0,5.495,10.5
2024-08-23,135608.0,5.4863,10.5
2024-08-22,135173.0,5.5834,10.5
2024-08-21,136464.0,5.4858,10.5
2024-08-20,136087.0,5.478,10.5
2024-08-19,135778.0,5.4121,10.5
2024-08-16,133953.0,5.4753,10.5
2024-08-15,134153.0,5.4827,10.5
2024-08-14,133318.0,5.473,10.5
2024-08-13,132398.0,5.4538,10.5
2024-08-12,131116.0,5.4974,10.5
2024-08-09,130615.0,5.5064,10.5
2024-08-08,128661.0,5.5493,10.5
2024-08-07,127514.0,5.6341,10.5
2024-08-06,126267.0,5.6623,10.5
2024-08-05,12527.0,5.7238,10.5
2024-08-02,125854.0,5.7273,10.5
2024-08-01,127395.0,5.7483,10.5
2024-07-31,127652.0,5.65,10.5
2024-07-30,126139.0,5.6121,10.5
2024-07-29,126954.0,5.6159,10.5
2024-07-26,127492.0,5.6557,10.5
2024-07-25,125954.0,5.6442,10.5
2024-07-24,126423.0,5.6536,10.5
2024-07-23,12659.0,5.5846,10.5
2024-07-22,12786.0,5.5779,10.5
2024-07-19,127616.0,5.5952,10.5
2024-07-18,127652.0,5.546,10.5
2024-07-17,12945.0,5.4821,10.5
2024-07-16,12911.0,5.4286,10.5
2024-07-15,129321.0,5.4448,10.5
2024-07-12,128897.0,5.4285,10.5
2024-07-11,128294.0,5.4381,10.5
2024-07-10,127218.0,5.4144,10.5
2024-07-09,127108.0,5.4222,10.5
2024-07-08,126548.0,5.4699,10.5
2024-07-05,126267.0,5.4592,10.5
2024-07-04,126164.0,5.4887,10.5
2024-07-03,125662.0,5.5563,10.5
2024-07-02,124787.0,5.6777,10.5
2024-07-01,124718.0,5.6603,10.5
2024-06-28,123907.0,5.5925,10.5
2024-06-27,124308.0,5.5019,10.5
2024-06-26,122641.0,5.5194,10.5
2024-06-25,122331.0,5.4509,10.5
2024-06-24,122637.0,5.3928,10.5
2024-06-21,121341.0,5.4302,10.5
2024-06-20,120446.0,5.4483,10.5
2024-06-19,120261.0,5.4362,10.5
2024-06-18,11963.0,5.4359,10.5
2024-06-17,119138.0,5.4195,10.5
2024-06-14,119662.0,5.3757,10.5
2024-06-13,119568.0,5.3636,10.5
2024-06-12,119936.0,5.4123,10.5
2024-06-11,121635.0,5.3662,10.5
2024-06-10,12076.0,5.3547,10.5
2024-06-07,120767.0,5.3448,10.5
2024-06-06,122899.0,5.256,10.5
2024-06-05,121407.0,5.2964,10.5
2024-06-04,121802.0,5.2861,10.5
2024-06-03,122032.0,5.2467,10.5
2024-05-31,122098.0,5.2443,10.5
2024-05-29,122707.0,5.2018,10.5
2024-05-28,12378.0,5.1611,10.5
2024-05-27,124496.0,5.1708,10.5
2024-05-24,124306.0,5.166,10.5
2024-05-23,124729.0,5.1442,10.5
2024-05-22,12565.0,5.1503,10.5
2024-05-21,127412.0,5.1225,10.5
2024-05-20,127751.0,5.1033,10.5
2024-05-17,128151.0,5.1031,10.5
2024-05-16,128284.0,5.1288,10.5
2024-05-15,128028.0,5.1373,10.5
2024-05-14,128515.0,5.1299,10.5
2024-05-13,128155.0,5.1511,10.5
2024-05-10,1276.0,5.1584,10.5
2024-05-09,128188.0,5.1412,10.5
2024-05-08,129481.0,5.0909,10.5
2024-05-07,12921.0,5.0707,10.75
2024-05-06,128466.0,5.0758,10.75
2024-05-03,128509.0,5.0722,10.75
2024-05-02,127122.0,5.1113,10.75
2024-04-30,125924.0,5.1934,10.75
2024-04-29,127352.0,5.1189,10.75
2024-04-26,126526.0,5.1151,10.75
2024-04-25,124646.0,5.1602,10.75
2024-04-24,124741.0,5.1457,10.75
2024-04-23,125148.0,5.126,10.75
2024-04-22,125573.0,5.168,10.75
2024-04-19,125124.0,5.2027,10.75
2024-04-18,124196.0,5.2482,10.75
2024-04-17,124171.0,5.242,10.75
2024-04-16,124389.0,5.2826,10.75
2024-04-15,125334.0,5.1846,10.75
2024-04-12,125946.0,5.1175,10.75
2024-04-11,127396.0,5.0917,10.75
2024-04-10,128054.0,5.0746,10.75
2024-04-09,12989.0,5.009,10.75
2024-04-08,128857.0,5.0268,10.75
2024-04-05,126795.0,5.0655,10.75
2024-04-04,127428.0,5.0538,10.75
2024-04-03,127318.0,5.0393,10.75
2024-04-02,127549.0,5.0576,10.75
2024-04-01,12699.0,5.0543,10.75
2024-03-28,128106.0,5.0129,10.75
2024-03-27,127691.0,4.9866,10.75
2024-03-26,126863.0,4.9808,10.75
2024-03-25,126931.0,4.9751,10.75
2024-03-22,127027.0,4.9997,10.75
2024-03-21,128159.0,4.9781,10.75
2024-03-20,129125.0,4.9691,10.75
2024-03-19,127529.0,5.0301,11.25
2024-03-18,126954.0,5.0253,11.25
2024-03-15,126742.0,4.9949,11.25
2024-03-14,12769.0,4.9895,11.25
2024-03-13,128006.0,4.97,11.25
2024-03-12,127668.0,4.9718,11.25
2024-03-11,126124.0,4.9771,11.25
2024-03-08,127071.0,4.9806,11.25
2024-03-07,12834.0,4.935,11.25
2024-03-06,12889.0,4.9446,11.25
2024-03-05,128098.0,4.9581,11.25
2024-03-04,128341.0,4.9458,11.25
2024-03-01,12918.0,4.9541,11.25
2024-02-29,12902.0,4.9716,11.25
2024-02-28,130155.0,4.9675,11.25
2024-02-27,131689.0,4.9335,11.25
2024-02-26,129609.0,4.9799,11.25
2024-02-23,129419.0,4.9951,11.25
2024-02-22,130241.0,4.9605,11.25
2024-02-21,130032.0,4.9358,11.25
2024-02-20,129916.0,4.9275,11.25
2024-02-19,129036.0,4.9564,11.25
2024-02-16,128726.0,4.9665,11.25
2024-02-15,127804.0,4.9732,11.25
2024-02-14,127018.0,4.969,11.25
2024-02-09,128026.0,4.9517,11.25
2024-02-08,128217.0,4.992,11.25
2024-02-07,12995.0,4.9685,11.25
2024-02-06,130416.0,4.9634,11.25
2024-02-05,127593.0,4.9854,11.25
2024-02-02,127182.0,4.9699,11.25
2024-02-01,128481.0,4.9163,11.25
2024-01-31,127752.0,4.9526,11.25
2024-01-30,127402.0,4.9516,11.75
2024-01-29,128503.0,4.9518,11.75
2024-01-26,128967.0,4.9168,11.75
2024-01-25,128169.0,4.9165,11.75
2024-01-24,127816.0,4.9335,11.75
2024-01-23,128263.0,4.9535,11.75
2024-01-22,126602.0,4.9892,11.75
2024-01-19,127636.0,4.931,11.75
2024-01-18,127316.0,4.9269,11.75
2024-01-17,128524.0,4.9349,11.75
2024-01-16,129294.0,4.9258,11.75
2024-01-15,131521.0,4.8628,11.75
2024-01-12,130988.0,4.8539,11.75
2024-01-11,130649.0,4.87,11.75
2024-01-10,130841.0,4.8909,11.75
2024-01-09,131447.0,4.9038,11.75
2024-01-08,132427.0,4.87,11.75
2024-01-05,132023.0,4.8743,11.75
2024-01-04,131226.0,4.8968,11.75
2024-01-03,132834.0,4.9198,11.75
2024-01-02,132697.0,4.9235,11.75
2023-12-28,134185.0,4.8521,11.75
2023-12-27,134194.0,4.8267,11.75
2023-12-26,133533.0,4.814,11.75
2023-12-22,132753.0,4.8585,11.75
2023-12-21,132182.0,4.8844,11.75
2023-12-20,130804.0,4.9163,11.75
2023-12-19,131851.0,4.8675,11.75
2023-12-18,131084.0,4.8967,11.75
2023-12-15,130197.0,4.9371,11.75
2023-12-14,130842.0,4.9155,11.75
2023-12-13,129465.0,4.9197,11.75
2023-12-12,126403.0,4.9631,12.25
2023-12-11,126916.0,4.9386,12.25
2023-12-08,127094.0,4.9317,12.25
2023-12-07,12601.0,4.9115,12.25
2023-12-06,125623.0,4.9022,12.25
2023-12-05,126903.0,4.9306,12.25
2023-12-04,126803.0,4.9432,12.25
2023-12-01,128185.0,4.8801,12.25
2023-11-30,127331.0,4.9205,12.25
2023-11-29,126166.0,4.9029,12.25
2023-11-28,126538.0,4.8705,12.25
2023-11-27,125731.0,4.8964,12.25
2023-11-24,125517.0,4.902,12.25
2023-11-23,126576.0,4.9039,12.25
2023-11-22,126035.0,4.9068,12.25
2023-11-21,125626.0,4.9006,12.25
2023-11-20,125957.0,4.8543,12.25
2023-11-17,124773.0,4.9059,12.25
2023-11-16,124639.0,4.8632,12.25
2023-11-14,123166.0,4.8654,12.25
2023-11-13,12041.0,4.9075,12.25
2023-11-10,120568.0,4.9013,12.25
2023-11-09,119034.0,4.9342,12.25
2023-11-08,119177.0,4.9103,12.25
2023-11-07,119268.0,4.8724,12.25
2023-11-06,118431.0,4.8853,12.25
2023-11-03,11816.0,4.9012,12.25
2023-11-01,115053.0,4.9534,12.25
2023-10-31,113144.0,5.035,12.75
2023-10-30,112532.0,5.0472,12.75
2023-10-27,113301.0,5.0152,12.75
2023-10-26,114777.0,4.9861,12.75
2023-10-25,11283.0,4.9947,12.75
2023-10-24,113762.0,4.9908,12.75
2023-10-23,112785.0,5.0112,12.75
2023-10-20,113155.0,5.0312,12.75
2023-10-19,114004.0,5.0646,12.75
2023-10-18,11406.0,5.0591,12.75
2023-10-17,115908.0,5.0414,12.75
2023-10-16,116534.0,5.0377,12.75
2023-10-13,115754.0,5.0801,12.75
2023-10-11,117051.0,5.0483,12.75
2023-10-10,116737.0,5.0516,12.75
2023-10-09,115156.0,5.1355,12.75
2023-10-06,11417.0,5.1457,12.75
2023-10-05,113284.0,5.1658,12.75
2023-10-04,113607.0,5.1562,12.75
2023-10-03,113419.0,5.1669,12.75
2023-10-02,115057.0,5.061,12.75
2023-09-29,116565.0,5.032,12.75
2023-09-28,115731.0,5.0331,12.75
2023-09-27,114327.0,5.0425,12.75
2023-09-26,114193.0,4.9898,12.75
2023-09-25,115925.0,4.9678,12.75
2023-09-22,116009.0,4.9351,12.75
2023-09-21,116145.0,4.9351,12.75
2023-09-20,118695.0,4.8801,12.75
2023-09-19,117846.0,4.8673,13.25
2023-09-18,118288.0,4.8556,13.25
2023-09-15,118758.0,4.8663,13.25
2023-09-14,119392.0,4.8668,13.25
2023-09-13,118176.0,4.9153,13.25
2023-09-12,117968.0,4.947,13.25
2023-09-11,116883.0,4.9307,13.25
2023-09-08,115313.0,4.9882,13.25
2023-09-06,115985.0,4.9784,13.25
2023-09-05,117331.0,4.9671,13.25
2023-09-04,117777.0,4.9376,13.25
2023-09-01,117893.0,4.9463,13.25
2023-08-31,115742.0,4.9544,13.25
2023-08-30,117535.0,4.889,13.25
2023-08-29,118404.0,4.8523,13.25
2023-08-28,117121.0,4.8731,13.25
2023-08-25,115837.0,4.8711,13.25
2023-08-24,117026.0,4.8802,13.25
2023-08-23,118135.0,4.8572,13.25
2023-08-22,116156.0,4.9386,13.25
2023-08-21,114429.0,4.9793,13.25
2023-08-18,115409.0,4.9694,13.25
2023-08-17,114982.0,4.9758,13.25
2023-08-16,115592.0,4.9879,13.25
2023-08-15,116171.0,4.9845,13.25
2023-08-14,11681.0,4.9615,13.25
2023-08-11,118065.0,4.9048,13.25
2023-08-10,11835.0,4.8924,13.25
2023-08-09,118409.0,4.902,13.25
2023-08-08,11909.0,4.8996,13.25
2023-08-07,11938.0,4.8999,13.25
2023-08-04,119508.0,4.8733,13.25
2023-08-03,120586.0,4.917,13.25
2023-08-02,120859.0,4.812,13.25
2023-08-01,121248.0,4.7911,13.75
2023-07-31,121943.0,4.7241,13.75
2023-07-28,120187.0,4.7336,13.75
2023-07-27,11999.0,4.7424,13.75
2023-07-26,12256.0,4.7364,13.75
2023-07-25,122008.0,4.7498,13.75
2023-07-24,121342.0,4.7271,13.75
2023-07-21,120217.0,4.7795,13.75
2023-07-20,118083.0,4.798,13.75
2023-07-19,117552.0,4.7909,13.75
2023-07-18,117841.0,4.8105,13.75
2023-07-17,118219.0,4.8066,13.75
2023-07-14,117711.0,4.7894,13.75
2023-07-13,119264.0,4.7971,13.75
2023-07-12,117666.0,4.8184,13.75
2023-07-11,117556.0,4.8538,13.75
2023-07-10,117942.0,4.8978,13.75
2023-07-07,118898.0,4.872,13.75
2023-07-06,117426.0,4.9193,13.75
2023-07-05,119549.0,4.8478,13.75
2023-07-04,119076.0,4.8408,13.75
2023-07-03,119673.0,4.8077,13.75
2023-06-30,118087.0,4.786,13.75
2023-06-29,118383.0,4.8553,13.75
2023-06-28,116681.0,4.8506,13.75
2023-06-27,117523.0,4.8103,13.75
2023-06-26,118243.0,4.7675,13.75
2023-06-23,118977.0,4.7864,13.75
2023-06-22,118934.0,4.7689,13.75
2023-06-21,12042.0,4.763,13.75
2023-06-20,119622.0,4.7902,13.75
2023-06-19,119858.0,4.7772,13.75
2023-06-16,118758.0,4.8199,13.75
2023-06-15,119221.0,4.8102,13.75
2023-06-14,119069.0,4.8146,13.75
2023-06-13,116743.0,4.8622,13.75
2023-06-12,117336.0,4.8613,13.75
2023-06-09,117019.0,4.8791,13.75
2023-06-07,115488.0,4.9235,13.75
2023-06-06,11461.0,4.9125,13.75
2023-06-05,112696.0,4.9289,13.75
2023-06-02,112558.0,4.9571,13.75
2023-06-01,110565.0,5.014,13.75
2023-05-31,108335.0,5.0574,13.75
2023-05-30,108967.0,5.0357,13.75
2023-05-29,110333.0,5.0171,13.75
2023-05-26,110906.0,4.9939,13.75
2023-05-25,110054.0,5.0356,13.75
2023-05-24,1088.0,4.9619,13.75
2023-05-23,109929.0,4.9714,13.75
2023-05-22,110213.0,4.9667,13.75
2023-05-19,110745.0,4.9981,13.75
2023-05-18,110108.0,4.9652,13.75
2023-05-17,10946.0,4.9396,13.75
2023-05-16,108194.0,4.9402,13.75
2023-05-15,109029.0,4.8904,13.75
2023-05-12,108464.0,4.9195,13.75
2023-05-11,108256.0,4.9295,13.75
2023-05-10,107448.0,4.9424,13.75
2023-05-09,107114.0,4.9862,13.75
2023-05-08,106042.0,5.0097,13.75
2023-05-05,105148.0,4.9518,13.75
2023-05-04,102174.0,4.9822,13.75
2023-05-03,101797.0,4.9949,13.75
2023-05-02,101927.0,5.0387,13.75
2023-04-28,104432.0,4.9865,13.75
2023-04-27,102923.0,4.9771,13.75
2023-04-26,102312.0,5.0435,13.75
2023-04-25,10322.0,5.0497,13.75
2023-04-24,103947.0,5.0337,13.75
2023-04-20,104367.0,5.0486,13.75
2023-04-19,103913.0,5.0753,13.75
2023-04-18,106163.0,4.984,13.75
2023-04-17,106016.0,4.9413,13.75
2023-04-14,106279.0,4.9096,13.75
2023-04-13,106458.0,4.9272,13.75
2023-04-12,10689.0,4.9181,13.75
2023-04-11,106214.0,5.0054,13.75
2023-04-10,101847.0,5.0655,13.75
2023-04-06,100822.0,5.057,13.75
2023-04-05,100978.0,5.034,13.75
2023-04-04,101869.0,5.0716,13.75
2023-04-03,101506.0,5.0632,13.75
2023-03-31,101882.0,5.0631,13.75
2023-03-30,103713.0,5.0938,13.75
2023-03-29,101793.0,5.1356,13.75
2023-03-28,101185.0,5.1655,13.75
2023-03-27,9967.0,5.1983,13.75
2023-03-24,98829.0,5.2463,13.75
2023-03-23,97926.0,5.2973,13.75
2023-03-22,100221.0,5.2369,13.75
2023-03-21,100998.0,5.243,13.75
2023-03-20,100923.0,5.2368,13.75
2023-03-17,101982.0,5.2778,13.75
2023-03-16,103435.0,5.2285,13.75
2023-03-15,102675.0,5.2882,13.75
2023-03-14,102932.0,5.2543,13.75
2023-03-13,103121.0,5.2459,13.75
2023-03-10,103618.0,5.2166,13.75
2023-03-09,105071.0,5.1645,13.75
2023-03-08,10654.0,5.1453,13.75
2023-03-07,104228.0,5.191,13.75
2023-03-06,1047.0,5.1534,13.75
2023-03-03,103866.0,5.1956,13.75
2023-03-02,103326.0,5.2006,13.75
2023-03-01,104385.0,5.1794,13.75
2023-02-28,104932.0,5.2367,13.75
2023-02-27,105711.0,5.2008,13.75
2023-02-24,105798.0,5.21,13.75
2023-02-23,107593.0,5.1373,13.75
2023-02-22,107152.0,5.1522,13.75
2023-02-17,109177.0,5.1674,13.75
2023-02-16,109941.0,5.2178,13.75
2023-02-15,1096.0,5.219,13.75
2023-02-14,107849.0,5.1923,13.75
2023-02-13,108836.0,5.1596,13.75
2023-02-10,108078.0,5.2151,13.75
2023-02-09,108008.0,5.2911,13.75
2023-02-08,109951.0,5.2007,13.75
2023-02-07,10783.0,5.2101,13.75
2023-02-06,108722.0,5.1464,13.75
2023-02-03,108523.0,5.1522,13.75
2023-02-02,110141.0,5.0504,13.75
2023-02-01,112074.0,5.0547,13.75
2023-01-31,113431.0,5.0731,13.75
2023-01-30,112273.0,5.1162,13.75
2023-01-27,112316.0,5.1089,13.75
2023-01-26,114178.0,5.0658,13.75
2023-01-25,11427.0,5.0734,13.75
2023-01-24,113028.0,5.1392,13.75
2023-01-23,111737.0,5.2076,13.75
2023-01-20,112041.0,5.2074,13.75
2023-01-19,112922.0,5.1741,13.75
2023-01-18,112228.0,5.1863,13.75
2023-01-17,111439.0,5.1003,13.75
2023-01-16,109213.0,5.1474,13.75
2023-01-13,110916.0,5.0956,13.75
2023-01-12,11185.0,5.1082,13.75
2023-01-11,112517.0,5.16,13.75
2023-01-10,110817.0,5.1997,13.75
2023-01-09,10913.0,5.2546,13.75
2023-01-06,108964.0,5.2254,13.75
2023-01-05,107641.0,5.3509,13.75
2023-01-04,105334.0,5.4312,13.75
2023-01-03,104166.0,5.4797,13.75
2023-01-02,106376.0,5.3633,13.75
2022-12-29,109735.0,5.286,13.75
2022-12-28,110237.0,5.2676,13.75
2022-12-27,108578.0,5.2928,13.75
2022-12-26,108738.0,5.2186,13.75
2022-12-23,109698.0,5.1652,13.75
2022-12-22,107552.0,5.1665,13.75
2022-12-21,107433.0,5.2009,13.75
2022-12-20,106864.0,5.1996,13.75
2022-12-19,10474.0,5.293,13.75
2022-12-16,102856.0,5.314,13.75
2022-12-15,103738.0,5.313,13.75
2022-12-14,103746.0,5.2787,13.75
2022-12-13,10354.0,5.2938,13.75
2022-12-12,105343.0,5.3226,13.75
2022-12-09,10752.0,5.24,13.75
2022-12-08,107249.0,5.2253,13.75
2022-12-07,109069.0,5.2048,13.75
2022-12-06,110189.0,5.2352,13.75
2022-12-05,109401.0,5.2809,13.75
2022-12-02,111924.0,5.2189,13.75
2022-12-01,110926.0,5.1848,13.75
2022-11-30,112486.0,5.1851,13.75
2022-11-29,11091.0,5.2695,13.75
2022-11-28,108782.0,5.3654,13.75
2022-11-25,108977.0,5.4098,13.75
2022-11-24,111831.0,5.3208,13.75
2022-11-23,108841.0,5.3591,13.75
2022-11-22,109037.0,5.3586,13.75
2022-11-21,109748.0,5.32,13.75
2022-11-18,10887.0,5.3827,13.75
2022-11-17,109703.0,5.4231,13.75
2022-11-16,110243.0,5.3998,13.75
2022-11-14,113161.0,5.3321,13.75
2022-11-11,112253.0,5.325,13.75
2022-11-10,109775.0,5.3449,13.75
2022-11-09,11358.0,5.1864,13.75
2022-11-08,11616.0,5.144,13.75
2022-11-07,115342.0,5.1567,13.75
2022-11-04,118155.0,5.0557,13.75
2022-11-03,116896.0,5.1137,13.75
2022-11-01,116929.0,5.1475,13.75
2022-10-31,116037.0,5.1791,13.75
2022-10-28,114539.0,5.2949,13.75
2022-10-27,114641.0,5.3449,13.75
2022-10-26,112764.0,5.3804,13.75
2022-10-25,114626.0,5.3167,13.75
2022-10-24,116013.0,5.3032,13.75
2022-10-21,119929.0,5.1605,13.75
2022-10-20,117171.0,5.2147,13.75
2022-10-19,116274.0,5.27,13.75
2022-10-18,115743.0,5.2405,13.75
2022-10-17,113624.0,5.2808,13.75
2022-10-14,112072.0,5.3252,13.75
2022-10-13,1143.0,5.2626,13.75
2022-10-11,114827.0,5.3005,13.75
2022-10-10,115941.0,5.1901,13.75
2022-10-07,116375.0,5.1996,13.75
2022-10-06,117561.0,5.2217,13.75
2022-10-05,117198.0,5.194,13.75
2022-10-04,11623.0,5.177,13.75
2022-10-03,116134.0,5.1672,13.75
2022-09-30,110037.0,5.4154,13.75
2022-09-29,107664.0,5.3964,13.75
2022-09-28,108451.0,5.3745,13.75
2022-09-27,108376.0,5.3824,13.75
2022-09-26,109114.0,5.3898,13.75
2022-09-23,111716.0,5.2595,13.75
2022-09-22,11407.0,5.1166,13.75
2022-09-21,111936.0,5.1716,13.75
2022-09-20,112517.0,5.1417,13.75
2022-09-19,111824.0,5.167,13.75
2022-09-16,10928.0,5.2531,13.75
2022-09-15,109954.0,5.247,13.75
2022-09-14,110547.0,5.1631,13.75
2022-09-13,110794.0,5.1911,13.75
2022-09-12,113407.0,5.093,13.75
2022-09-09,1123.0,5.1462,13.75
2022-09-08,109916.0,5.2141,13.75
2022-09-06,109764.0,5.2528,13.75
2022-09-05,112203.0,5.1516,13.75
2022-09-02,110864.0,5.1681,13.75
2022-09-01,110405.0,5.2416,13.75
2022-08-31,109523.0,5.1831,13.75
2022-08-30,110431.0,5.1223,13.75
2022-08-29,112323.0,5.0282,13.75
2022-08-26,112299.0,5.0601,13.75
2022-08-25,113532.0,5.1099,13.75
2022-08-24,112898.0,5.1114,13.75
2022-08-23,112857.0,5.1037,13.75
2022-08-22,110501.0,5.1574,13.75
2022-08-19,111496.0,5.1697,13.75
2022-08-18,113813.0,5.1674,13.75
2022-08-17,113708.0,5.1642,13.75
2022-08-16,113512.0,5.1459,13.75
2022-08-15,113032.0,5.0961,13.75
2022-08-12,112764.0,5.0735,13.75
2022-08-11,109718.0,5.1581,13.75
2022-08-10,110236.0,5.0927,13.75
2022-08-09,108651.0,5.1237,13.75
2022-08-08,108402.0,5.1117,13.75
2022-08-05,106472.0,5.1646,13.75
2022-08-04,105892.0,5.2164,13.75
2022-08-03,103775.0,5.2815,13.75
2022-08-02,103362.0,5.2784,13.25
2022-08-01,102225.0,5.1838,13.25
2022-07-29,103165.0,5.1734,13.25
2022-07-28,102597.0,5.1823,13.25
2022-07-27,101438.0,5.2432,13.25
2022-07-26,99772.0,5.3511,13.25
2022-07-25,10027.0,5.3576,13.25
2022-07-22,98925.0,5.4968,13.25
2022-07-21,99033.0,5.4968,13.25
2022-07-20,98287.0,5.4714,13.25
2022-07-19,98245.0,5.4135,13.25
2022-07-18,96916.0,5.4375,13.25
2022-07-15,96551.0,5.4082,13.25
2022-07-14,96121.0,5.4233,13.25
2022-07-13,97881.0,5.3917,13.25
2022-07-12,98271.0,5.4368,13.25
2022-07-11,98212.0,5.3782,13.25
2022-07-08,100289.0,5.2536,13.25
2022-07-07,10073.0,5.3391,13.25
2022-07-06,98719.0,5.4287,13.25
2022-07-05,98295.0,5.3861,13.25
2022-07-04,98609.0,5.3293,13.25
2022-07-01,98954.0,5.331,13.25
2022-06-30,98542.0,5.2562,13.25
2022-06-29,99622.0,5.1818,13.25
2022-06-28,100591.0,5.2675,13.25
2022-06-27,100764.0,5.2366,13.25
2022-06-24,98672.0,5.2417,13.25
2022-06-23,9808.0,5.2406,13.25
2022-06-22,99522.0,5.194,13.25
2022-06-21,99685.0,5.1257,13.25
2022-06-20,99853.0,5.188,13.25
2022-06-17,99825.0,5.1518,13.25
2022-06-15,102807.0,5.0536,13.25
2022-06-14,102063.0,5.1168,12.75
2022-06-13,102598.0,5.1154,12.75
2022-06-10,105481.0,4.9865,12.75
2022-06-09,107094.0,4.9063,12.75
2022-06-08,108368.0,4.8988,12.75
2022-06-07,11007.0,4.8696,12.75
2022-06-06,110186.0,4.7945,12.75
2022-06-03,111102.0,4.7734,12.75
2022-06-02,112393.0,4.7962,12.75
2022-06-01,11136.0,4.8151,12.75
2022-05-31,111351.0,4.7315,12.75
2022-05-30,111032.0,4.7526,12.75
2022-05-27,111942.0,4.7295,12.75
2022-05-26,11189.0,4.7677,12.75
2022-05-25,11058.0,4.8275,12.75
2022-05-24,110581.0,4.8191,12.75
2022-05-23,110346.0,4.813,12.75
2022-05-20,108488.0,4.8788,12.75
2022-05-19,107005.0,4.9309,12.75
2022-05-18,106247.0,4.9682,12.75
2022-05-17,108789.0,4.9387,12.75
2022-05-16,108233.0,5.0599,12.75
2022-05-13,106924.0,5.0602,12.75
2022-05-12,105688.0,5.1339,12.75
2022-05-11,104397.0,5.1373,12.75
2022-05-10,10311.0,5.1313,12.75
2022-05-09,10325.0,5.1617,12.75
2022-05-06,105135.0,5.0774,12.75
2022-05-05,105304.0,5.028,12.75
2022-05-04,108344.0,4.9198,12.75
2022-05-03,106528.0,4.9584,11.75
2022-05-02,106639.0,5.0848,11.75
2022-04-29,107876.0,4.9721,11.75
2022-04-28,109919.0,4.9425,11.75
2022-04-27,109349.0,4.9651,11.75
2022-04-26,108213.0,4.9989,11.75
2022-04-25,110685.0,4.8766,11.75
2022-04-22,111078.0,4.7937,11.75
2022-04-20,114344.0,4.6219,11.75
2022-04-19,115057.0,4.6675,11.75
2022-04-18,115687.0,4.6527,11.75
2022-04-14,116182.0,4.7013,11.75
2022-04-13,116782.0,4.6899,11.75
2022-04-12,116147.0,4.6735,11.75
2022-04-11,116953.0,4.6944,11.75
2022-04-08,118322.0,4.697,11.75
2022-04-07,118862.0,4.7524,11.75
2022-04-06,118228.0,4.7161,11.75
2022-04-05,118885.0,4.6506,11.75
2022-04-04,12128.0,4.5928,11.75
2022-04-01,12157.0,4.6575,11.75
2022-03-31,119999.0,4.739,11.75
2022-03-30,12026.0,4.7685,11.75
2022-03-29,120014.0,4.7561,11.75
2022-03-28,118738.0,4.7675,11.75
2022-03-25,119081.0,4.742,11.75
2022-03-24,119053.0,4.8253,11.75
2022-03-23,117457.0,4.8258,11.75
2022-03-22,117272.0,4.9094,11.75
2022-03-21,116155.0,4.9354,11.75
2022-03-18,115311.0,5.0231,11.75
2022-03-17,113076.0,5.039,11.75
2022-03-16,111112.0,5.0757,11.75
2022-03-15,108959.0,5.1631,10.75
2022-03-14,109928.0,5.1193,10.75
2022-03-11,111713.0,5.0745,10.75
2022-03-10,113663.0,5.011,10.75
2022-03-09,1139.0,5.0123,10.75
2022-03-08,111203.0,5.0599,10.75
2022-03-07,111593.0,5.1115,10.75
2022-03-04,114474.0,5.062,10.75
2022-03-03,115166.0,5.032,10.75
2022-03-02,115174.0,5.0995,10.75
2022-02-25,113142.0,5.1623,10.75
2022-02-24,111592.0,5.1231,10.75
2022-02-23,112008.0,5.0097,10.75
2022-02-22,112892.0,5.0583,10.75
2022-02-21,111725.0,5.1036,10.75
2022-02-18,11288.0,5.1385,10.75
2022-02-17,113528.0,5.1718,10.75
2022-02-16,115181.0,5.1365,10.75
2022-02-15,114828.0,5.159,10.75
2022-02-14,113899.0,5.2149,10.75
2022-02-11,113572.0,5.2527,10.75
2022-02-10,113368.0,5.2496,10.75
2022-02-09,112461.0,5.2354,10.75
2022-02-08,112234.0,5.2593,10.75
2022-02-07,111996.0,5.2636,10.75
2022-02-04,112245.0,5.3279,10.75
2022-02-03,111696.0,5.2839,10.75
2022-02-02,111894.0,5.262,10.75
2022-02-01,113228.0,5.2655,9.25
2022-01-31,112144.0,5.3041,9.25
2022-01-28,11191.0,5.3674,9.25
2022-01-27,112612.0,5.4065,9.25
2022-01-26,111289.0,5.4324,9.25
2022-01-25,110204.0,5.4437,9.25
2022-01-24,107937.0,5.4877,9.25
2022-01-21,108942.0,5.4582,9.25
2022-01-20,109102.0,5.4191,9.25
2022-01-19,108013.0,5.4383,9.25
2022-01-18,106668.0,5.5666,9.25
2022-01-17,106374.0,5.5165,9.25
2022-01-14,106928.0,5.5344,9.25
2022-01-13,10553.0,5.5286,9.25
2022-01-12,105686.0,5.5338,9.25
2022-01-11,103779.0,5.5686,9.25
2022-01-10,101945.0,5.6633,9.25
2022-01-07,102719.0,5.6355,9.25
2022-01-06,101561.0,5.6834,9.25
2022-01-05,101006.0,5.7087,9.25
2022-01-04,103514.0,5.677,9.25
2022-01-03,103922.0,5.6818,9.25
2021-12-30,104822.0,5.571,9.25
2021-12-29,104107.0,5.7032,9.25
2021-12-28,104864.0,5.6283,9.25
2021-12-27,105554.0,5.6249,9.25
2021-12-23,104891.0,5.6749,9.25
2021-12-22,105244.0,5.654,9.25
2021-12-21,1055.0,5.7451,9.25
2021-12-20,10502.0,5.742,9.25
2021-12-17,107201.0,5.6959,9.25
2021-12-16,108326.0,5.6884,9.25
2021-12-15,107431.0,5.6806,9.25
2021-12-14,10676.0,5.6815,9.25
2021-12-13,107383.0,5.6804,9.25
2021-12-10,107758.0,5.6127,9.25
2021-12-09,106291.0,5.5727,9.25
2021-12-08,108096.0,5.5327,9.25
2021-12-07,107558.0,5.6128,7.75
2021-12-06,106859.0,5.6891,7.75
2021-12-03,10507.0,5.6532,7.75
2021-12-02,104466.0,5.6462,7.75
2021-12-01,100775.0,5.6955,7.75
2021-11-30,101915.0,5.6239,7.75
2021-11-29,102814.0,5.6017,7.75
2021-11-26,102224.0,5.6093,7.75
2021-11-25,105811.0,5.5664,7.75
2021-11-24,104514.0,5.6061,7.75
2021-11-23,103654.0,5.5712,7.75
2021-11-22,102122.0,5.5865,7.75
2021-11-19,103035.0,5.6135,7.75
2021-11-18,102426.0,5.5576,7.75
2021-11-17,102948.0,5.5292,7.75
2021-11-16,104404.0,5.5028,7.75
2021-11-12,106335.0,5.4588,7.75
2021-11-11,107595.0,5.3989,7.75
2021-11-10,105968.0,5.491,7.75
2021-11-09,105535.0,5.4804,7.75
2021-11-08,104781.0,5.544,7.75
2021-11-05,104824.0,5.5428,7.75
2021-11-04,103412.0,5.602,7.75
2021-11-03,105617.0,5.5525,7.75
2021-11-01,105551.0,5.6815,7.75
2021-10-29,103501.0,5.6372,7.75
2021-10-28,105705.0,5.6464,7.75
2021-10-27,106363.0,5.538,7.75
2021-10-26,10642.0,5.5666,6.25
2021-10-25,108715.0,5.5563,6.25
2021-10-22,106296.0,5.6474,6.25
2021-10-21,107735.0,5.6577,6.25
2021-10-20,110786.0,5.5975,6.25
2021-10-19,110673.0,5.5844,6.25
2021-10-18,114428.0,5.5117,6.25
2021-10-15,114648.0,5.4611,6.25
2021-10-14,113185.0,5.5132,6.25
2021-10-13,113456.0,5.5133,6.25
2021-10-11,11218.0,5.5367,6.25
2021-10-08,112833.0,5.5082,6.25
2021-10-07,110585.0,5.5188,6.25
2021-10-06,11056.0,5.4912,6.25
2021-10-05,110458.0,5.4748,6.25
2021-10-04,110393.0,5.4535,6.25
2021-10-01,1129.0,5.3628,6.25
2021-09-30,110979.0,5.4428,6.25
2021-09-29,111107.0,5.4152,6.25
2021-09-28,110124.0,5.4293,6.25
2021-09-27,113583.0,5.3914,6.25
2021-09-24,113283.0,5.3344,6.25
2021-09-23,114064.0,5.303,6.25
2021-09-22,112282.0,5.2888,6.25
2021-09-21,11025.0,5.2699,5.25
2021-09-20,108844.0,5.324,5.25
2021-09-17,111439.0,5.2883,5.25
2021-09-16,113794.0,5.2535,5.25
2021-09-15,115063.0,5.2219,5.25
2021-09-14,116181.0,5.2398,5.25
2021-09-13,116404.0,5.2144,5.25
2021-09-10,114286.0,5.2454,5.25
2021-09-09,115361.0,5.1976,5.25
2021-09-08,113413.0,5.3214,5.25
2021-09-06,117869.0,5.1693,5.25
2021-09-03,116933.0,5.1908,5.25
2021-09-02,116677.0,5.1819,5.25
2021-09-01,119396.0,5.1858,5.25
2021-08-31,118781.0,5.1492,5.25
2021-08-30,11974.0,5.184,5.25
2021-08-27,120678.0,5.1996,5.25
2021-08-26,118724.0,5.2522,5.25
2021-08-25,120818.0,5.2117,5.25
2021-08-24,120211.0,5.2463,5.25
2021-08-23,117472.0,5.3802,5.25
2021-08-20,118053.0,5.377,5.25
2021-08-19,117165.0,5.4142,5.25
2021-08-18,116643.0,5.3794,5.25
2021-08-17,117904.0,5.2948,5.25
2021-08-16,11918.0,5.2595,5.25
2021-08-13,121194.0,5.2466,5.25
2021-08-12,120701.0,5.2524,5.25
2021-08-11,122056.0,5.2185,5.25
2021-08-10,122202.0,5.1895,5.25
2021-08-09,123019.0,5.2331,5.25
2021-08-06,12281.0,5.2301,5.25
2021-08-05,121633.0,5.2488,5.25
2021-08-04,121801.0,5.1685,5.25
2021-08-03,123577.0,5.1967,4.25
2021-08-02,122516.0,5.1747,4.25
2021-07-30,121801.0,5.2123,4.25
2021-07-29,125675.0,5.0812,4.25
2021-07-28,126286.0,5.1157,4.25
2021-07-27,124612.0,5.169,4.25
2021-07-26,126004.0,5.1761,4.25
2021-07-23,125053.0,5.2006,4.25
2021-07-22,126147.0,5.2003,4.25
2021-07-21,125929.0,5.1874,4.25
2021-07-20,125401.0,5.2205,4.25
2021-07-19,124395.0,5.2519,4.25
2021-07-16,12596.0,5.1147,4.25
2021-07-15,127468.0,5.11,4.25
2021-07-14,128407.0,5.0706,4.25
2021-07-13,128168.0,5.1622,4.25
2021-07-12,127594.0,5.173,4.25
2021-07-08,125428.0,5.2579,4.25
2021-07-07,127019.0,5.2315,4.25
2021-07-06,125095.0,5.1969,4.25
2021-07-05,12692.0,5.091,4.25
2021-07-02,127622.0,5.0575,4.25
2021-07-01,125666.0,5.0476,4.25
2021-06-30,126802.0,4.9686,4.25
2021-06-29,127327.0,4.9559,4.25
2021-06-28,127429.0,4.9244,4.25
2021-06-25,127256.0,4.9335,4.25
2021-06-24,129514.0,4.9137,4.25
2021-06-23,128428.0,4.9667,4.25
2021-06-22,128767.0,4.9574,4.25
2021-06-21,129265.0,5.013,4.25
2021-06-18,128405.0,5.0894,4.25
2021-06-17,128057.0,5.0059,4.25
2021-06-16,129259.0,5.0545,4.25
2021-06-15,130091.0,5.0437,3.5
2021-06-14,130208.0,5.0601,3.5
2021-06-11,129441.0,5.1171,3.5
2021-06-10,130076.0,5.0552,3.5
2021-06-09,129907.0,5.0621,3.5
2021-06-08,129787.0,5.0325,3.5
2021-06-07,130776.0,5.0451,3.5
2021-06-04,130126.0,5.0495,3.5
2021-06-02,129601.0,5.0754,3.5
2021-06-01,128267.0,5.1509,3.5
2021-05-31,126216.0,5.2172,3.5
2021-05-28,125561.0,5.2244,3.5
2021-05-27,124367.0,5.2383,3.5
2021-05-26,123989.0,5.3115,3.5
2021-05-25,122988.0,5.3312,3.5
2021-05-24,124032.0,5.3175,3.5
2021-05-21,122592.0,5.3617,3.5
2021-05-20,122701.0,5.2825,3.5
2021-05-19,122636.0,5.3094,3.5
2021-05-18,12298.0,5.2605,3.5
2021-05-17,122938.0,5.2729,3.5
2021-05-14,121881.0,5.2728,3.5
2021-05-13,120706.0,5.309,3.5
2021-05-12,11971.0,5.3061,3.5
2021-05-11,122964.0,5.2208,3.5
2021-05-10,121909.0,5.2272,3.5
2021-05-07,122038.0,5.2368,3.5
2021-05-06,119921.0,5.276,3.5
2021-05-05,119564.0,5.3542,3.5
2021-05-04,117712.0,5.4435,2.75
2021-05-03,119209.0,5.442,2.75
2021-04-30,118894.0,5.4366,2.75
2021-04-29,120066.0,5.3375,2.75
2021-04-28,121053.0,5.343,2.75
2021-04-27,119388.0,5.449,2.75
2021-04-26,120595.0,5.4364,2.75
2021-04-23,12053.0,5.4751,2.75
2021-04-22,119371.0,5.4448,2.75
2021-04-20,120062.0,5.5687,2.75
2021-04-19,120934.0,5.5461,2.75
2021-04-16,121114.0,5.5883,2.75
2021-04-15,120701.0,5.6162,2.75
2021-04-14,120295.0,5.6526,2.75
2021-04-13,119297.0,5.7166,2.75
2021-04-12,118812.0,5.7333,2.75
2021-04-09,11767.0,5.6821,2.75
2021-04-08,118313.0,5.572,2.75
2021-04-07,117624.0,5.6143,2.75
2021-04-06,117499.0,5.5904,2.75
2021-04-05,117518.0,5.6632,2.75
2021-04-01,115253.0,5.7071,2.75
2021-03-31,116634.0,5.6315,2.75
2021-03-30,11685.0,5.7745,2.75
2021-03-29,115419.0,5.7799,2.75
2021-03-26,114781.0,5.7566,2.75
2021-03-25,11375.0,5.6475,2.75
2021-03-24,112064.0,5.6209,2.75
2021-03-23,113262.0,5.5214,2.75
2021-03-22,114979.0,5.5045,2.75
2021-03-19,116222.0,5.4917,2.75
2021-03-18,114835.0,5.5604,2.75
2021-03-17,116549.0,5.5832,2.75
2021-03-16,114019.0,5.6246,2.0
2021-03-15,114851.0,5.6156,2.0
2021-03-12,11416.0,5.5518,2.0
2021-03-11,114984.0,5.5357,2.0
2021-03-10,112776.0,5.672,2.0
2021-03-09,111331.0,5.8025,2.0
2021-03-08,110612.0,5.8755,2.0
2021-03-05,115202.0,5.6908,2.0
2021-03-04,11269.0,5.6693,2.0
2021-03-03,111184.0,5.6193,2.0
2021-03-02,11154.0,5.6761,2.0
2021-03-01,110335.0,5.6418,2.0
2021-02-26,110035.0,5.5986,2.0
2021-02-25,112256.0,5.5308,2.0
2021-02-24,115668.0,5.4062,2.0
2021-02-23,115227.0,5.4409,2.0
2021-02-22,112668.0,5.4659,2.0
2021-02-19,118431.0,5.3823,2.0
2021-02-18,119199.0,5.427,2.0
2021-02-17,120356.0,5.4105,2.0
2021-02-12,119429.0,5.3698,2.0
2021-02-11,1193.0,5.3665,2.0
2021-02-10,118435.0,5.386,2.0
2021-02-09,119472.0,5.3781,2.0
2021-02-08,119696.0,5.3657,2.0
2021-02-05,12024.0,5.3704,2.0
2021-02-04,119261.0,5.4266,2.0
2021-02-03,119725.0,5.3534,2.0
2021-02-02,118234.0,5.368,2.0
2021-02-01,117518.0,5.4322,2.0
2021-01-29,115068.0,5.4625,2.0
2021-01-28,118883.0,5.441,2.0
2021-01-27,115882.0,5.4138,2.0
2021-01-26,116464.0,5.3552,2.0
2021-01-22,11738.0,5.4666,2.0
2021-01-21,118329.0,5.3506,2.0
2021-01-20,119646.0,5.2917,2.0
2021-01-19,120636.0,5.3578,2.0
2021-01-18,121242.0,5.2957,2.0
2021-01-15,120349.0,5.2927,2.0
2021-01-14,123481.0,5.1967,2.0
2021-01-13,121933.0,5.299,2.0
2021-01-12,123998.0,5.3226,2.0
2021-01-11,123255.0,5.489,2.0
2021-01-08,125077.0,5.4178,2.0
2021-01-07,122386.0,5.4101,2.0
2021-01-06,1191.0,5.3139,2.0
2021-01-05,119376.0,5.2854,2.0
2021-01-04,118855.0,5.2968,2.0
2020-12-30,119017.0,5.1937,2.0
2020-12-29,119409.0,5.2099,2.0
2020-12-28,119124.0,5.2461,2.0
2020-12-23,117807.0,5.2164,2.0
2020-12-22,116636.0,5.1597,2.0
2020-12-21,115823.0,5.1222,2.0
2020-12-18,118024.0,5.1022,2.0
2020-12-17,118401.0,5.0582,2.0
2020-12-16,117857.0,5.0838,2.0
2020-12-15,116149.0,5.0842,2.0
2020-12-14,114611.0,5.1189,2.0
2020-12-11,115128.0,5.0656,2.0
2020-12-10,115129.0,5.0256,2.0
2020-12-09,113001.0,5.1708,2.0
2020-12-08,113793.0,5.1202,2.0
2020-12-07,11359.0,5.099,2.0
2020-12-04,11375.0,5.1557,2.0
2020-12-03,112292.0,5.1515,2.0
2020-12-02,111879.0,5.2175,2.0
2020-12-01,1114.0,5.2061,2.0
2020-11-30,108893.0,5.3319,2.0
2020-11-27,110575.0,5.3438,2.0
2020-11-26,110227.0,5.3365,2.0
2020-11-25,110133.0,5.3237,2.0
2020-11-24,109786.0,5.3736,2.0
2020-11-23,107379.0,5.439,2.0
2020-11-20,106042.0,5.3797,2.0
2020-11-19,10667.0,5.3054,2.0
2020-11-18,106119.0,5.3629,2.0
2020-11-17,107249.0,5.3281,2.0
2020-11-16,10643.0,5.4152,2.0
2020-11-13,104723.0,5.4582,2.0
2020-11-12,102507.0,5.4581,2.0
2020-11-11,104809.0,5.391,2.0
2020-11-10,105067.0,5.4147,2.0
2020-11-09,103515.0,5.3858,2.0
2020-11-06,100925.0,5.3647,2.0
2020-11-05,100751.0,5.525,2.0
2020-11-04,97867.0,5.6635,2.0
2020-11-03,9598.0,5.756,2.0
2020-10-30,93952.0,5.7446,2.0
2020-10-29,96582.0,5.779,2.0
2020-10-28,95369.0,5.7457,2.0
2020-10-27,99606.0,5.7055,2.0
2020-10-26,101017.0,5.6229,2.0
2020-10-23,10126.0,5.6175,2.0
2020-10-22,101918.0,5.5893,2.0
2020-10-21,100552.0,5.6066,2.0
2020-10-20,10054.0,5.6054,2.0
2020-10-19,98658.0,5.6069,2.0
2020-10-16,98309.0,5.6428,2.0
2020-10-15,99054.0,5.6126,2.0
2020-10-14,99334.0,5.5912,2.0
2020-10-13,98503.0,5.5693,2.0
2020-10-09,97483.0,5.5318,2.0
2020-10-08,9792.0,5.5987,2.0
2020-10-07,95526.0,5.6097,2.0
2020-10-06,95615.0,5.593,2.0
2020-10-05,96089.0,5.5743,2.0
2020-10-02,94016.0,5.6851,2.0
2020-10-01,95479.0,5.6437,2.0
2020-09-30,94603.0,5.6112,2.0
2020-09-29,9358.0,5.6344,2.0
2020-09-28,94666.0,5.6627,2.0
2020-09-25,96999.0,5.5624,2.0
2020-09-24,97012.0,5.5089,2.0
2020-09-23,95735.0,5.5943,2.0
2020-09-22,97294.0,5.4704,2.0
2020-09-21,96991.0,5.4131,2.0
2020-09-18,9829.0,5.3876,2.0
2020-09-17,100098.0,5.2394,2.0
2020-09-16,99676.0,5.2377,2.0
2020-09-15,100298.0,5.2748,2.0
2020-09-14,100275.0,5.2706,2.0
2020-09-11,98363.0,5.3189,2.0
2020-09-10,98835.0,5.321,2.0
2020-09-09,101292.0,5.3078,2.0
2020-09-08,10005.0,5.3638,2.0
2020-09-04,101242.0,5.3012,2.0
2020-09-03,100721.0,5.2914,2.0
2020-09-02,101911.0,5.3403,2.0
2020-09-01,102168.0,5.396,2.0
2020-08-31,99369.0,5.4914,2.0
2020-08-28,102143.0,5.3881,2.0
2020-08-27,100624.0,5.5691,2.0
2020-08-26,100627.0,5.6054,2.0
2020-08-25,102118.0,5.5075,2.0
2020-08-24,102298.0,5.61,2.0
2020-08-21,101521.0,5.6192,2.0
2020-08-20,101468.0,5.5568,2.0
2020-08-19,100854.0,5.5575,2.0
2020-08-18,102065.0,5.4666,2.0
2020-08-17,99595.0,5.509,2.0
2020-08-14,101353.0,5.4204,2.0
2020-08-13,100461.0,5.369,2.0
2020-08-12,102118.0,5.4333,2.0
2020-08-11,102174.0,5.38,2.0
2020-08-10,103444.0,5.4812,2.0
2020-08-07,102776.0,5.4383,2.0
2020-08-06,104126.0,5.3315,2.0
2020-08-05,102802.0,5.2902,2.0
2020-08-04,101216.0,5.29,2.25
2020-08-03,10283.0,5.3213,2.25
2020-07-31,102912.0,5.224,2.25
2020-07-30,105009.0,5.1534,2.25
2020-07-29,105605.0,5.1692,2.25
2020-07-28,104109.0,5.1533,2.25
2020-07-27,104477.0,5.1447,2.25
2020-07-24,102382.0,5.2329,2.25
2020-07-23,102293.0,5.2112,2.25
2020-07-22,10429.0,5.1166,2.25
2020-07-21,10431.0,5.1713,2.25
2020-07-20,104426.0,5.3283,2.25
2020-07-17,102888.0,5.3849,2.25
2020-07-16,100553.0,5.3311,2.25
2020-07-15,101791.0,5.3698,2.25
2020-07-14,10044.0,5.3674,2.25
2020-07-13,98697.0,5.404,2.25
2020-07-10,100032.0,5.3238,2.25
2020-07-09,9916.0,5.3413,2.25
2020-07-08,9977.0,5.3422,2.25
2020-07-07,97761.0,5.379,2.25
2020-07-06,98937.0,5.3562,2.25
2020-07-03,96765.0,5.3158,2.25
2020-07-02,96235.0,5.3596,2.25
2020-07-01,96203.0,5.3174,2.25
2020-06-30,95056.0,5.4661,2.25
2020-06-29,95735.0,5.4034,2.25
2020-06-26,93834.0,5.484,2.25
2020-06-25,95983.0,5.3561,2.25
2020-06-24,94377.0,5.3467,2.25
2020-06-23,95975.0,5.1542,2.25
2020-06-22,95336.0,5.2524,2.25
2020-06-19,96572.0,5.3105,2.25
2020-06-18,96125.0,5.3776,2.25
2020-06-17,95547.0,5.2286,2.25
2020-06-16,93531.0,5.243,3.0
2020-06-15,92376.0,5.1557,3.0
2020-06-12,92795.0,5.0505,3.0
2020-06-10,94686.0,4.9732,3.0
2020-06-09,96747.0,4.8992,3.0
2020-06-08,97645.0,4.823,3.0
2020-06-05,94637.0,4.9585,3.0
2020-06-04,93829.0,5.119,3.0
2020-06-03,93002.0,5.0622,3.0
2020-06-02,91046.0,5.2014,3.0
2020-06-01,8862.0,5.3633,3.0
2020-05-29,87403.0,5.3361,3.0
2020-05-28,86949.0,5.4045,3.0
2020-05-27,87946.0,5.2733,3.0
2020-05-26,85469.0,5.345,3.0
2020-05-25,85663.0,5.4461,3.0
2020-05-22,82173.0,5.5338,3.0
2020-05-21,83027.0,5.5507,3.0
2020-05-20,81319.0,5.6925,3.0
2020-05-19,80742.0,5.754,3.0
2020-05-18,81194.0,5.719,3.0
2020-05-15,77557.0,5.8554,3.0
2020-05-14,79011.0,5.8115,3.0
2020-05-13,77772.0,5.8852,3.0
2020-05-12,77872.0,5.8856,3.0
2020-05-11,79065.0,5.818,3.0
2020-05-08,80263.0,5.7319,3.0
2020-05-07,78119.0,5.8307,3.0
2020-05-06,79064.0,5.714,3.0
2020-05-05,79471.0,5.5783,3.75
2020-05-04,78876.0,5.545,3.75
2020-04-30,80506.0,5.4858,3.75
2020-04-29,83171.0,5.3348,3.75
2020-04-28,81312.0,5.4999,3.75
2020-04-27,78239.0,5.6526,3.75
2020-04-24,75331.0,5.5907,3.75
2020-04-23,79673.0,5.5335,3.75
2020-04-22,80687.0,5.458,3.75
2020-04-20,78973.0,5.3168,3.75
2020-04-17,7899.0,5.2363,3.75
2020-04-16,77812.0,5.2333,3.75
2020-04-15,78831.0,5.2367,3.75
2020-04-14,79918.0,5.1621,3.75
2020-04-13,78836.0,5.1994,3.75
2020-04-09,77682.0,5.107,3.75
2020-04-08,78625.0,5.1233,3.75
2020-04-07,76358.0,5.2214,3.75
2020-04-06,74073.0,5.2863,3.75
2020-04-03,69538.0,5.3506,3.75
2020-04-02,72253.0,5.2533,3.75
2020-04-01,70967.0,5.2493,3.75
2020-03-31,7302.0,5.2046,3.75
2020-03-30,74639.0,5.1936,3.75
2020-03-27,73429.0,5.0997,3.75
2020-03-26,7771.0,5.0212,3.75
2020-03-25,74956.0,5.0353,3.75
2020-03-24,69729.0,5.0983,3.75
2020-03-23,6357.0,5.1444,3.75
2020-03-20,67069.0,5.0627,3.75
2020-03-19,68332.0,5.0957,3.75
2020-03-18,66895.0,5.1064,3.75
2020-03-17,74617.0,5.0084,4.25
2020-03-16,71168.0,5.0002,4.25
2020-03-13,82678.0,4.858,4.25
2020-03-12,72583.0,4.791,4.25
2020-03-11,85171.0,4.8136,4.25
2020-03-10,92214.0,4.6425,4.25
2020-03-09,86067.0,4.7231,4.25
2020-03-06,97997.0,4.6269,4.25
2020-03-05,102233.0,4.6073,4.25
2020-03-04,107224.0,4.5847,4.25
2020-03-03,105537.0,4.5144,4.25
2020-03-02,106625.0,4.474,4.25
2020-02-28,104172.0,4.4733,4.25
2020-02-27,102984.0,4.4861,4.25
2020-02-26,105718.0,4.4502,4.25
2020-02-21,113681.0,4.3895,4.25
2020-02-20,114586.0,4.3933,4.25
2020-02-19,116518.0,4.3649,4.25
2020-02-18,114977.0,4.3557,4.25
2020-02-17,115309.0,4.327,4.25
2020-02-14,114381.0,4.2974,4.25
2020-02-13,115662.0,4.3498,4.25
2020-02-12,116674.0,4.3548,4.25
2020-02-11,115371.0,4.3316,4.25
2020-02-10,11257.0,4.3248,4.25
2020-02-07,11377.0,4.3203,4.25
2020-02-06,11519.0,4.2822,4.25
2020-02-05,116028.0,4.2353,4.25
2020-02-04,115557.0,4.2545,4.5
2020-02-03,114629.0,4.2476,4.5
2020-01-31,113761.0,4.282,4.5
2020-01-30,115528.0,4.243,4.5
2020-01-29,115385.0,4.2303,4.5
2020-01-28,116479.0,4.1943,4.5
2020-01-27,114482.0,4.2074,4.5
2020-01-24,118376.0,4.1814,4.5
2020-01-23,119528.0,4.1703,4.5
2020-01-22,118391.0,4.1826,4.5
2020-01-21,117026.0,4.2123,4.5
2020-01-20,118862.0,4.1898,4.5
2020-01-17,118478.0,4.1616,4.5
2020-01-16,116704.0,4.1847,4.5
2020-01-15,116414.0,4.1753,4.5
2020-01-14,117632.0,4.1326,4.5
2020-01-13,117325.0,4.1466,4.5
2020-01-10,115503.0,4.096,4.5
2020-01-09,115947.0,4.0925,4.5
2020-01-08,116247.0,4.0647,4.5
2020-01-07,116662.0,4.0676,4.5
2020-01-06,116878.0,4.0616,4.5
2020-01-03,117707.0,4.0669,4.5
2020-01-02,118573.0,4.026,4.5
2019-12-30,115645.0,4.0191,4.5
2019-12-27,116534.0,4.0456,4.5
2019-12-26,117203.0,4.0557,4.5
2019-12-23,115863.0,4.0833,4.5
2019-12-20,115121.0,4.1022,4.5
2019-12-19,115131.0,4.0694,4.5
2019-12-18,114315.0,4.063,4.5
2019-12-17,112616.0,4.0716,4.5
2019-12-16,111896.0,4.0628,4.5
2019-12-13,112565.0,4.108,4.5
2019-12-12,1122.0,4.0905,4.5
2019-12-11,110964.0,4.1238,4.5
2019-12-10,110672.0,4.1467,5.0
2019-12-09,110977.0,4.1422,5.0
2019-12-06,111126.0,4.1411,5.0
2019-12-05,110622.0,4.1856,5.0
2019-12-04,110301.0,4.2077,5.0
2019-12-03,108956.0,4.2063,5.0
2019-12-02,108928.0,4.223,5.0
2019-11-29,108233.0,4.2364,5.0
2019-11-28,10829.0,4.19,5.0
2019-11-27,107708.0,4.2636,5.0
2019-11-26,107059.0,4.233,5.0
2019-11-25,108424.0,4.2266,5.0
2019-11-22,108692.0,4.1962,5.0
2019-11-21,107497.0,4.193,5.0
2019-11-19,105864.0,4.1942,5.0
2019-11-18,106269.0,4.2177,5.0
2019-11-14,106557.0,4.1949,5.0
2019-11-13,10606.0,4.1702,5.0
2019-11-12,106751.0,4.1675,5.0
2019-11-11,108367.0,4.1516,5.0
2019-11-08,107629.0,4.1633,5.0
2019-11-07,109581.0,4.1004,5.0
2019-11-06,10836.0,4.0834,5.0
2019-11-05,108719.0,3.9935,5.0
2019-11-04,108779.0,4.0152,5.0
2019-11-01,108196.0,3.9897,5.0
2019-10-31,10722.0,4.0174,5.0
2019-10-30,108408.0,3.9895,5.0
2019-10-29,107556.0,3.998,5.5
2019-10-28,108187.0,3.9902,5.5
2019-10-25,107364.0,4.0029,5.5
2019-10-24,106986.0,4.0401,5.5
2019-10-23,107544.0,4.0337,5.5
2019-10-22,107381.0,4.0817,5.5
2019-10-21,106022.0,4.1285,5.5
2019-10-18,104729.0,4.1105,5.5
2019-10-17,105016.0,4.163,5.5
2019-10-16,105423.0,4.1505,5.5
2019-10-15,10449.0,4.1805,5.5
2019-10-14,104302.0,4.1255,5.5
2019-10-11,103832.0,4.1094,5.5
2019-10-10,101817.0,4.1089,5.5
2019-10-09,101249.0,4.1089,5.5
2019-10-08,99981.0,4.0942,5.5
2019-10-07,100573.0,4.1068,5.5
2019-10-04,102551.0,4.0551,5.5
2019-10-03,101516.0,4.0832,5.5
2019-10-02,101031.0,4.1287,5.5
2019-10-01,104053.0,4.1578,5.5
2019-09-30,104745.0,4.1551,5.5
2019-09-27,105078.0,4.1599,5.5
2019-09-26,105319.0,4.1707,5.5
2019-09-25,104481.0,4.1477,5.5
2019-09-24,103876.0,4.1647,5.5
2019-09-23,104638.0,4.1629,5.5
2019-09-20,104817.0,4.1472,5.5
2019-09-19,104339.0,4.1672,5.5
2019-09-18,104532.0,4.1106,5.5
2019-09-17,104617.0,4.0773,6.0
2019-09-16,10368.0,4.0801,6.0
2019-09-13,103501.0,4.084,6.0
2019-09-12,104371.0,4.0602,6.0
2019-09-11,103446.0,4.0671,6.0
2019-09-10,103032.0,4.0798,6.0
2019-09-09,103181.0,4.0943,6.0
2019-09-06,102935.0,4.0607,6.0
2019-09-05,102243.0,4.1081,6.0
2019-09-04,101201.0,4.0948,6.0
2019-09-03,99681.0,4.1678,6.0
2019-09-02,100626.0,4.1857,6.0
2019-08-30,101135.0,4.1445,6.0
2019-08-29,100524.0,4.1685,6.0
2019-08-28,98194.0,4.1677,6.0
2019-08-27,97276.0,4.13,6.0
2019-08-26,9643.0,4.1569,6.0
2019-08-23,97667.0,4.1196,6.0
2019-08-22,100011.0,4.0704,6.0
2019-08-21,101202.0,4.026,6.0
2019-08-20,99222.0,4.0529,6.0
2019-08-19,99469.0,4.074,6.0
2019-08-16,99806.0,4.0054,6.0
2019-08-15,99057.0,3.9908,6.0
2019-08-14,100258.0,4.0522,6.0
2019-08-13,103299.0,3.9646,6.0
2019-08-12,101915.0,3.9853,6.0
2019-08-09,103996.0,3.9406,6.0
2019-08-08,104115.0,3.9188,6.0
2019-08-07,102782.0,3.9682,6.0
2019-08-06,102164.0,3.9603,6.0
2019-08-05,100098.0,3.9778,6.0
2019-08-02,102674.0,3.8883,6.0
2019-08-01,102126.0,3.8388,6.0
2019-07-31,101812.0,3.8125,6.0
2019-07-30,102933.0,3.7896,6.5
2019-07-29,103483.0,3.7813,6.5
2019-07-26,102819.0,3.7753,6.5
2019-07-25,102655.0,3.7783,6.5
2019-07-24,10412.0,3.7726,6.5
2019-07-23,103704.0,3.7735,6.5
2019-07-22,103949.0,3.7403,6.5
2019-07-19,103452.0,3.7481,6.5
2019-07-18,104717.0,3.7187,6.5
2019-07-17,103856.0,3.7632,6.5
2019-07-16,103775.0,3.768,6.5
2019-07-15,103803.0,3.7555,6.5
2019-07-12,103906.0,3.7358,6.5
2019-07-11,105146.0,3.754,6.5
2019-07-10,105817.0,3.7543,6.5
2019-07-08,10453.0,3.8063,6.5
2019-07-05,104089.0,3.8215,6.5
2019-07-04,103636.0,3.8008,6.5
2019-07-03,102043.0,3.8258,6.5
2019-07-02,100605.0,3.8447,6.5
2019-07-01,10134.0,3.8401,6.5
2019-06-28,100967.0,3.8518,6.5
2019-06-27,100724.0,3.8194,6.5
2019-06-26,100689.0,3.8433,6.5
2019-06-25,100093.0,3.8478,6.5
2019-06-24,102062.0,3.8248,6.5
2019-06-21,102013.0,3.819,6.5
2019-06-19,100303.0,3.8388,6.5
2019-06-18,99404.0,3.8595,6.5
2019-06-17,97623.0,3.8881,6.5
2019-06-14,9804.0,3.8956,6.5
2019-06-13,98774.0,3.8485,6.5
2019-06-12,98321.0,3.8669,6.5
2019-06-11,9896.0,3.8569,6.5
2019-06-10,97467.0,3.8874,6.5
2019-06-07,97821.0,3.8774,6.5
2019-06-06,97205.0,3.8795,6.5
2019-06-05,95999.0,3.8808,6.5
2019-06-04,9738.0,3.8542,6.5
2019-06-03,9702.0,3.8851,6.5
2019-05-31,9703.0,3.9218,6.5
2019-05-30,97457.0,3.9816,6.5
2019-05-29,96567.0,3.9742,6.5
2019-05-28,96393.0,4.0243,6.5
2019-05-27,94864.0,4.041,6.5
2019-05-24,93628.0,4.0213,6.5
2019-05-23,9391.0,4.0394,6.5
2019-05-22,94361.0,4.04,6.5
2019-05-21,94485.0,4.0387,6.5
2019-05-20,91946.0,4.0963,6.5
2019-05-17,89993.0,4.0997,6.5
2019-05-16,90024.0,4.0467,6.5
2019-05-15,91623.0,4.0012,6.5
2019-05-14,92092.0,3.9745,6.5
2019-05-13,91727.0,3.9925,6.5
2019-05-10,94258.0,3.9566,6.5
2019-05-09,94808.0,3.9456,6.5
2019-05-08,95597.0,3.9279,6.5
2019-05-07,94389.0,3.97,6.5
2019-05-06,95009.0,3.9683,6.5
2019-05-03,96008.0,3.9378,6.5
2019-05-02,95528.0,3.9654,6.5
2019-04-30,96353.0,3.9207,6.5
2019-04-29,96188.0,3.9442,6.5
2019-04-26,96236.0,3.9288,6.5
2019-04-25,96552.0,3.953,6.5
2019-04-24,95045.0,3.9922,6.5
2019-04-23,95923.0,3.9197,6.5
2019-04-22,94588.0,3.9358,6.5
2019-04-18,94578.0,3.9261,6.5
2019-04-17,93285.0,3.9373,6.5
2019-04-16,94333.0,3.9031,6.5
2019-04-15,93083.0,3.872,6.5
2019-04-12,92875.0,3.8812,6.5
2019-04-11,94755.0,3.857,6.5
2019-04-10,95953.0,3.8247,6.5
2019-04-09,96292.0,3.8502,6.5
2019-04-08,97369.0,3.849,6.5
2019-04-05,97108.0,3.873,6.5
2019-04-04,96313.0,3.8587,6.5
2019-04-03,94491.0,3.8694,6.5
2019-04-02,95387.0,3.8525,6.5
2019-04-01,96054.0,3.8508,6.5
2019-03-29,95415.0,3.9238,6.5
2019-03-28,94389.0,3.9005,6.5
2019-03-27,91903.0,3.9933,6.5
2019-03-26,95307.0,3.8769,6.5
2019-03-25,93662.0,3.8535,6.5
2019-03-22,93735.0,3.9066,6.5
2019-03-21,96729.0,3.7921,6.5
2019-03-20,98041.0,3.7756,6.5
2019-03-19,99588.0,3.7885,6.5
2019-03-18,99994.0,3.7913,6.5
2019-03-15,99137.0,3.8131,6.5
2019-03-14,98605.0,3.843,6.5
2019-03-13,98904.0,3.8142,6.5
2019-03-12,97828.0,3.8111,6.5
2019-03-11,98027.0,3.8392,6.5
2019-03-08,95365.0,3.8666,6.5
2019-03-07,9434.0,3.8701,6.5
2019-03-06,94217.0,3.8397,6.5
2019-03-01,94604.0,3.7749,6.5
2019-02-28,95584.0,3.7511,6.5
2019-02-27,97307.0,3.7285,6.5
2019-02-26,97602.0,3.7487,6.5
2019-02-25,9724.0,3.7519,6.5
2019-02-22,97886.0,3.7482,6.5
2019-02-21,96932.0,3.7693,6.5
2019-02-20,96545.0,3.7273,6.5
2019-02-19,97659.0,3.7227,6.5
2019-02-18,9651.0,3.7351,6.5
2019-02-15,97526.0,3.7007,6.5
2019-02-14,98015.0,3.7232,6.5
2019-02-13,95842.0,3.7543,6.5
2019-02-12,96168.0,3.7097,6.5
2019-02-11,94413.0,3.7576,6.5
2019-02-08,95343.0,3.729,6.5
2019-02-07,94406.0,3.7166,6.5
2019-02-06,94636.0,3.6982,6.5
2019-02-05,98311.0,3.6695,6.5
2019-02-04,98589.0,3.6686,6.5
2019-02-01,97861.0,3.6596,6.5
2019-01-31,97394.0,3.6439,6.5
2019-01-30,96996.0,3.6849,6.5
2019-01-29,95639.0,3.7201,6.5
2019-01-28,95444.0,3.7614,6.5
2019-01-24,97677.0,3.7718,6.5
2019-01-23,96558.0,3.7648,6.5
2019-01-22,95103.0,3.8142,6.5
2019-01-21,9601.0,3.7535,6.5
2019-01-18,96097.0,3.7502,6.5
2019-01-17,95351.0,3.7502,6.5
2019-01-16,94393.0,3.7361,6.5
2019-01-15,94056.0,3.7167,6.5
2019-01-14,94474.0,3.6978,6.5
2019-01-11,93658.0,3.7108,6.5
2019-01-10,93806.0,3.7104,6.5
2019-01-09,93613.0,3.6806,6.5
2019-01-08,92032.0,3.7132,6.5
2019-01-07,91699.0,3.7351,6.5
2019-01-04,91841.0,3.7154,6.5
2019-01-03,91564.0,3.7564,6.5
2019-01-02,91012.0,3.7897,6.5
2018-12-28,87887.0,3.8804,6.5
2018-12-27,8546.0,3.8732,6.5
2018-12-26,85136.0,3.9219,6.5
2018-12-21,85697.0,3.9039,6.5
2018-12-20,85269.0,3.8419,6.5
2018-12-19,85674.0,3.8976,6.5
2018-12-18,8661.0,3.9123,6.5
2018-12-17,864.0,3.8994,6.5
2018-12-14,8745.0,3.917,6.5
2018-12-13,87838.0,3.891,6.5
2018-12-12,86977.0,3.8554,6.5
2018-12-11,8642.0,3.9039,6.5
2018-12-10,85915.0,3.9178,6.5
2018-12-07,88115.0,3.9074,6.5
2018-12-06,88846.0,3.8779,6.5
2018-12-05,8904.0,3.8682,6.5
2018-12-04,88624.0,3.8524,6.5
2018-12-03,8982.0,3.8408,6.5
2018-11-30,89504.0,3.8662,6.5
2018-11-29,8971.0,3.8515,6.5
2018-11-28,89251.0,3.8508,6.5
2018-11-27,87891.0,3.875,6.5
2018-11-26,85547.0,3.9398,6.5
2018-11-23,8623.0,3.828,6.5
2018-11-22,87477.0,3.8033,6.5
2018-11-21,87269.0,3.7975,6.5
2018-11-19,87901.0,3.756,6.5
2018-11-16,88515.0,3.7434,6.5
2018-11-14,85973.0,3.784,6.5
2018-11-13,84914.0,3.8031,6.5
2018-11-12,85525.0,3.7674,6.5
2018-11-09,85641.0,3.7334,6.5
2018-11-08,8562.0,3.7604,6.5
2018-11-07,87714.0,3.7317,6.5
2018-11-06,88669.0,3.7614,6.5
2018-11-05,89598.0,3.726,6.5
2018-11-01,88419.0,3.7,6.5
2018-10-31,87424.0,3.7218,6.5
2018-10-30,86886.0,3.6972,6.5
2018-10-29,83797.0,3.7179,6.5
2018-10-26,8572.0,3.6426,6.5
2018-10-25,84084.0,3.7046,6.5
2018-10-24,83064.0,3.7335,6.5
2018-10-23,853.0,3.6932,6.5
2018-10-22,85597.0,3.6846,6.5
2018-10-19,8422.0,3.714,6.5
2018-10-18,83847.0,3.7214,6.5
2018-10-17,85764.0,3.6873,6.5
2018-10-16,85718.0,3.7244,6.5
2018-10-15,8336.0,3.7355,6.5
2018-10-11,82921.0,3.781,6.5
2018-10-10,83679.0,3.7545,6.5
2018-10-09,86088.0,3.7153,6.5
2018-10-08,86084.0,3.7786,6.5
2018-10-05,82322.0,3.8406,6.5
2018-10-04,82953.0,3.8743,6.5
2018-10-03,83273.0,3.9008,6.5
2018-10-02,81612.0,3.9404,6.5
2018-10-01,78624.0,4.0176,6.5
2018-09-28,79342.0,4.0477,6.5
2018-09-27,800.0,4.012,6.5
2018-09-26,78656.0,4.031,6.5
2018-09-25,7863.0,4.0751,6.5
2018-09-24,77984.0,4.0914,6.5
2018-09-21,79444.0,4.0511,6.5
2018-09-20,78116.0,4.0766,6.5
2018-09-19,78169.0,4.1305,6.5
2018-09-18,78314.0,4.1596,6.5
2018-09-17,76789.0,4.1316,6.5
2018-09-14,75429.0,4.1739,6.5
2018-09-13,74687.0,4.2067,6.5
2018-09-12,75125.0,4.1569,6.5
2018-09-11,74657.0,4.1527,6.5
2018-09-10,76436.0,4.0855,6.5
2018-09-06,76416.0,4.0587,6.5
2018-09-05,75092.0,4.1457,6.5
2018-09-04,74712.0,4.16,6.5
2018-09-03,76193.0,4.1579,6.5
2018-08-31,76678.0,4.0545,6.5
2018-08-30,76404.0,4.1493,6.5
2018-08-29,78389.0,4.1065,6.5
2018-08-28,77473.0,4.1337,6.5
2018-08-27,7793.0,4.0772,6.5
2018-08-24,76262.0,4.1012,6.5
2018-08-23,75634.0,4.1145,6.5
2018-08-22,76902.0,4.0415,6.5
2018-08-21,7518.0,4.0467,6.5
2018-08-20,76328.0,3.9692,6.5
2018-08-17,76028.0,3.9108,6.5
2018-08-16,76819.0,3.9059,6.5
2018-08-15,77078.0,3.9053,6.5
2018-08-14,78602.0,3.8663,6.5
2018-08-13,77496.0,3.8836,6.5
2018-08-10,76514.0,3.8584,6.5
2018-08-09,78768.0,3.8007,6.5
2018-08-08,79152.0,3.7713,6.5
2018-08-07,80347.0,3.7505,6.5
2018-08-06,81051.0,3.7356,6.5
2018-08-03,81435.0,3.707,6.5
2018-08-02,79637.0,3.7496,6.5
2018-08-01,79302.0,3.7492,6.5
2018-07-31,7922.0,3.7557,6.5
2018-07-30,80276.0,3.7304,6.5
2018-07-27,79866.0,3.7099,6.5
2018-07-26,79405.0,3.7454,6.5
2018-07-25,80218.0,3.6877,6.5
2018-07-24,79155.0,3.7471,6.5
2018-07-23,77996.0,3.7823,6.5
2018-07-20,78571.0,3.7671,6.5
2018-07-19,77487.0,3.829,6.5
2018-07-18,77363.0,3.8509,6.5
2018-07-17,7813.0,3.8375,6.5
2018-07-16,76653.0,3.8597,6.5
2018-07-13,76594.0,3.8514,6.5
2018-07-12,75856.0,3.8809,6.5
2018-07-11,74399.0,3.8764,6.5
2018-07-10,74862.0,3.8143,6.5
2018-07-06,7501.0,3.8624,6.5
2018-07-05,74553.0,3.9324,6.5
2018-07-04,74743.0,3.9135,6.5
2018-07-03,73668.0,3.8966,6.5
2018-07-02,7284.0,3.9117,6.5
2018-06-29,72763.0,3.8765,6.5
2018-06-28,71767.0,3.8612,6.5
2018-06-27,70609.0,3.8625,6.5
2018-06-26,71405.0,3.8011,6.5
2018-06-25,70953.0,3.7753,6.5
2018-06-22,70641.0,3.7852,6.5
2018-06-21,70075.0,3.7676,6.5
2018-06-20,72123.0,3.7712,6.5
2018-06-19,71394.0,3.7461,6.5
2018-06-18,69815.0,3.746,6.5
2018-06-15,70758.0,3.7294,6.5
2018-06-14,71421.0,3.8052,6.5
2018-06-13,72122.0,3.7195,6.5
2018-06-12,72754.0,3.7174,6.5
2018-06-11,72308.0,3.7087,6.5
2018-06-08,72942.0,3.7091,6.5
2018-06-07,73851.0,3.9065,6.5
2018-06-06,76117.0,3.8477,6.5
2018-06-05,76642.0,3.806,6.5
2018-06-04,78596.0,3.7462,6.5
2018-06-01,7724.0,3.763,6.5
2018-05-30,76754.0,3.724,6.5
2018-05-29,76072.0,3.7252,6.5
2018-05-28,75356.0,3.7341,6.5
2018-05-25,78898.0,3.6514,6.5
2018-05-24,80122.0,3.6491,6.5
2018-05-23,80867.0,3.6279,6.5
2018-05-22,82739.0,3.6441,6.5
2018-05-21,81815.0,3.6769,6.5
2018-05-18,83082.0,3.736,6.5
2018-05-17,83622.0,3.696,6.5
2018-05-16,86537.0,3.6754,6.5
2018-05-15,8513.0,3.653,6.5
2018-05-14,85232.0,3.6221,6.5
2018-05-11,8522.0,3.5991,6.5
2018-05-10,85861.0,3.5496,6.5
2018-05-09,84265.0,3.5918,6.5
2018-05-08,82956.0,3.5632,6.5
2018-05-07,82714.0,3.5524,6.5
2018-05-04,83118.0,3.5291,6.5
2018-05-03,83288.0,3.5276,6.5
2018-05-02,84547.0,3.5513,6.5
2018-04-30,86115.0,3.5066,6.5
2018-04-27,86445.0,3.4559,6.5
2018-04-26,86383.0,3.4745,6.5
2018-04-25,85044.0,3.4843,6.5
2018-04-24,85469.0,3.4709,6.5
2018-04-23,85602.0,3.4521,6.5
2018-04-20,8555.0,3.4124,6.5
2018-04-19,85824.0,3.3875,6.5
2018-04-18,85776.0,3.3802,6.5
2018-04-17,84086.0,3.4071,6.5
2018-04-16,82862.0,3.4191,6.5
2018-04-13,84334.0,3.422,6.5
2018-04-12,85444.0,3.4124,6.5
2018-04-11,85246.0,3.3734,6.5
2018-04-10,8451.0,3.4087,6.5
2018-04-09,83307.0,3.4187,6.5
2018-04-06,8482.0,3.3689,6.5
2018-04-05,8521.0,3.3439,6.5
2018-04-04,8436.0,3.329,6.5
2018-04-03,84623.0,3.3412,6.5
2018-04-02,84666.0,3.3099,6.5
2018-03-29,85366.0,3.3054,6.5
2018-03-28,83874.0,3.3195,6.5
2018-03-27,83808.0,3.3278,6.5
2018-03-26,85088.0,3.3113,6.5
2018-03-23,84377.0,3.3119,6.5
2018-03-22,84768.0,3.3152,6.5
2018-03-21,84977.0,3.2717,6.5
2018-03-20,84164.0,3.3114,6.75
2018-03-19,83913.0,3.2853,6.75
2018-03-16,84886.0,3.2807,6.75
2018-03-15,84928.0,3.2849,6.75
2018-03-14,86051.0,3.2598,6.75
2018-03-13,86384.0,3.2602,6.75
2018-03-12,869.0,3.261,6.75
2018-03-09,86371.0,3.2548,6.75
2018-03-08,84985.0,3.2664,6.75
2018-03-07,85484.0,3.2449,6.75
2018-03-06,85653.0,3.2112,6.75
2018-03-05,86023.0,3.2425,6.75
2018-03-02,85761.0,3.2523,6.75
2018-03-01,85378.0,3.2511,6.75
2018-02-28,85354.0,3.2458,6.75
2018-02-27,86935.0,3.2512,6.75
2018-02-26,87653.0,3.2253,6.75
2018-02-23,87293.0,3.2374,6.75
2018-02-22,86686.0,3.2497,6.75
2018-02-21,86052.0,3.2682,6.75
2018-02-20,85804.0,3.2554,6.75
2018-02-19,84793.0,3.2339,6.75
2018-02-16,84525.0,3.231,6.75
2018-02-15,84291.0,3.2274,6.75
2018-02-14,83543.0,3.2172,6.75
2018-02-09,80899.0,3.2939,6.75
2018-02-08,81533.0,3.2857,6.75
2018-02-07,82767.0,3.2713,6.75
2018-02-06,83894.0,3.2347,7.0
2018-02-05,81861.0,3.2624,7.0
2018-02-02,84041.0,3.218,7.0
2018-02-01,85495.0,3.1668,7.0
2018-01-31,84913.0,3.1858,7.0
2018-01-30,84482.0,3.1811,7.0
2018-01-29,84698.0,3.1549,7.0
2018-01-26,85531.0,3.1509,7.0
2018-01-24,8368.0,3.1464,7.0
2018-01-23,80678.0,3.2369,7.0
2018-01-22,81675.0,3.202,7.0
2018-01-19,8122.0,3.1961,7.0
2018-01-18,80963.0,3.2064,7.0
2018-01-17,81189.0,3.2237,7.0
2018-01-16,79832.0,3.2242,7.0
2018-01-15,79752.0,3.2162,7.0
2018-01-12,79349.0,3.2063,7.0
2018-01-11,79365.0,3.2154,7.0
2018-01-10,78201.0,3.228,7.0
2018-01-09,78864.0,3.2482,7.0
2018-01-08,79379.0,3.2406,7.0
2018-01-05,79071.0,3.2288,7.0
2018-01-04,78647.0,3.2344,7.0
2018-01-03,77995.0,3.2369,7.0
2018-01-02,77891.0,3.2588,7.0
2017-12-28,76402.0,3.3121,7.0
2017-12-27,76073.0,3.3149,7.0
2017-12-26,75708.0,3.311,7.0
2017-12-22,75187.0,3.3369,7.0
2017-12-21,75133.0,3.3083,7.0
2017-12-20,73367.0,3.2977,7.0
2017-12-19,7268.0,3.2899,7.0
2017-12-18,73115.0,3.2922,7.0
2017-12-15,72608.0,3.2946,7.0
2017-12-14,72429.0,3.3418,7.0
2017-12-13,72914.0,3.3099,7.0
2017-12-12,73814.0,3.3064,7.0
2017-12-11,728.0,3.3047,7.0
2017-12-08,72732.0,3.2918,7.0
2017-12-07,72487.0,3.2906,7.0
2017-12-06,73268.0,3.2356,7.0
2017-12-05,72546.0,3.2414,7.5
2017-12-04,7309.0,3.2441,7.5
2017-12-01,72264.0,3.258,7.5
2017-11-30,71971.0,3.2726,7.5
2017-11-29,727.0,3.246,7.5
2017-11-28,7414.0,3.2127,7.5
2017-11-27,74059.0,3.2277,7.5
2017-11-24,74157.0,3.2329,7.5
2017-11-23,74487.0,3.2218,7.5
2017-11-22,74519.0,3.2242,7.5
2017-11-21,74595.0,3.2587,7.5
2017-11-17,73437.0,3.2573,7.5
2017-11-16,72512.0,3.2739,7.5
2017-11-14,70827.0,3.3127,7.5
2017-11-13,72475.0,3.2793,7.5
2017-11-10,72166.0,3.2778,7.5
2017-11-09,72931.0,3.252,7.5
2017-11-08,74363.0,3.2547,7.5
2017-11-07,72415.0,3.2713,7.5
2017-11-06,74311.0,3.2494,7.5
2017-11-03,73915.0,3.3142,7.5
2017-11-01,73824.0,3.2673,7.5
2017-10-31,74308.0,3.2724,7.5
2017-10-30,748.0,3.2888,7.5
2017-10-27,75976.0,3.236,7.5
2017-10-26,75896.0,3.2903,7.5
2017-10-25,76671.0,3.2329,7.5
2017-10-24,7635.0,3.2432,8.25
2017-10-23,75413.0,3.2376,8.25
2017-10-20,76391.0,3.1923,8.25
2017-10-19,76283.0,3.1663,8.25
2017-10-18,76591.0,3.1706,8.25
2017-10-17,76201.0,3.1575,8.25
2017-10-16,76892.0,3.1707,8.25
2017-10-13,7699.0,3.1447,8.25
2017-10-11,7666.0,3.1722,8.25
2017-10-10,76897.0,3.1791,8.25
2017-10-09,75727.0,3.1882,8.25
2017-10-06,76055.0,3.1558,8.25
2017-10-05,76618.0,3.1539,8.25
2017-10-04,76591.0,3.1349,8.25
2017-10-03,76763.0,3.1425,8.25
2017-10-02,7436.0,3.1538,8.25
2017-09-29,74294.0,3.1614,8.25
2017-09-28,73567.0,3.1822,8.25
2017-09-27,73797.0,3.1929,8.25
2017-09-26,74319.0,3.1661,8.25
2017-09-25,74443.0,3.1593,8.25
2017-09-22,7539.0,3.1243,8.25
2017-09-21,75604.0,3.1369,8.25
2017-09-20,76004.0,3.132,8.25
2017-09-19,75974.0,3.1346,8.25
2017-09-18,7599.0,3.136,8.25
2017-09-15,75757.0,3.1079,8.25
2017-09-14,74657.0,3.1179,8.25
2017-09-13,74788.0,3.1349,8.25
2017-09-12,74539.0,3.1245,8.25
2017-09-11,74319.0,3.1023,8.25
2017-09-08,73079.0,3.0865,8.25
2017-09-06,73412.0,3.0996,8.25
2017-09-05,72151.0,3.1163,9.25
2017-09-04,72129.0,3.1412,9.25
2017-09-01,71923.0,3.1409,9.25
2017-08-31,70835.0,3.1474,9.25
2017-08-30,70886.0,3.1596,9.25
2017-08-29,7133.0,3.1644,9.25
2017-08-28,71017.0,3.1664,9.25
2017-08-25,71074.0,3.1595,9.25
2017-08-24,71133.0,3.1473,9.25
2017-08-23,70478.0,3.1405,9.25
2017-08-22,70011.0,3.1602,9.25
2017-08-21,68635.0,3.1642,9.25
2017-08-18,68715.0,3.1462,9.25
2017-08-17,67977.0,3.1741,9.25
2017-08-16,68594.0,3.1518,9.25
2017-08-15,68355.0,3.1692,9.25
2017-08-14,68285.0,3.1885,9.25
2017-08-11,67359.0,3.1934,9.25
2017-08-10,66992.0,3.1754,9.25
2017-08-09,67671.0,3.1556,9.25
2017-08-08,67899.0,3.1266,9.25
2017-08-07,6794.0,3.1261,9.25
2017-08-04,66898.0,3.1305,9.25
2017-08-03,66777.0,3.1123,9.25
2017-08-02,67136.0,3.1131,9.25
2017-08-01,66516.0,3.1254,9.25
2017-07-31,6592.0,3.1259,9.25
2017-07-28,65497.0,3.1316,9.25
2017-07-27,65277.0,3.1524,9.25
2017-07-26,65011.0,3.1385,9.25
2017-07-25,65668.0,3.1722,10.25
2017-07-24,651.0,3.1455,10.25
2017-07-21,64684.0,3.1416,10.25
2017-07-20,64938.0,3.1206,10.25
2017-07-19,6518.0,3.1486,10.25
2017-07-18,65338.0,3.1542,10.25
2017-07-17,65212.0,3.1828,10.25
2017-07-14,65436.0,3.1794,10.25
2017-07-13,65178.0,3.2134,10.25
2017-07-12,64836.0,3.2072,10.25
2017-07-11,63832.0,3.2542,10.25
2017-07-10,63025.0,3.2548,10.25
2017-07-07,62322.0,3.2803,10.25
2017-07-06,6247.0,3.2959,10.25
2017-07-05,63154.0,3.2883,10.25
2017-07-04,63232.0,3.309,10.25
2017-07-03,6328.0,3.3003,10.25
2017-06-30,629.0,3.3063,10.25
2017-06-29,62239.0,3.3033,10.25
2017-06-28,62018.0,3.2795,10.25
2017-06-27,61675.0,3.3125,10.25
2017-06-26,62188.0,3.2961,10.25
2017-06-23,61087.0,3.3427,10.25
2017-06-22,61272.0,3.3415,10.25
2017-06-21,60762.0,3.336,10.25
2017-06-20,60766.0,3.3264,10.25
2017-06-19,62014.0,3.2824,10.25
2017-06-16,61626.0,3.2925,10.25
2017-06-14,61923.0,3.2739,10.25
2017-06-13,61829.0,3.3145,10.25
2017-06-12,617.0,3.3179,10.25
2017-06-09,62211.0,3.2959,10.25
2017-06-08,62756.0,3.2607,10.25
2017-06-07,63171.0,3.2685,10.25
2017-06-06,62955.0,3.2772,10.25
2017-06-05,6245.0,3.2967,10.25
2017-06-02,62511.0,3.2472,10.25
2017-06-01,62289.0,3.2495,10.25
2017-05-31,62711.0,3.2262,10.25
2017-05-30,63962.0,3.2572,11.25
2017-05-29,63761.0,3.256,11.25
2017-05-26,64085.0,3.2598,11.25
2017-05-25,63227.0,3.2729,11.25
2017-05-24,63257.0,3.2774,11.25
2017-05-23,62662.0,3.27,11.25
2017-05-22,61673.0,3.2653,11.25
2017-05-19,62639.0,3.2527,11.25
2017-05-18,61597.0,3.3665,11.25
2017-05-17,6754.0,3.1378,11.25
2017-05-16,68684.0,3.0961,11.25
2017-05-15,68474.0,3.1105,11.25
2017-05-12,68222.0,3.1209,11.25
2017-05-11,67538.0,3.1399,11.25
2017-05-10,6735.0,3.1666,11.25
2017-05-09,66278.0,3.1896,11.25
2017-05-08,65526.0,3.197,11.25
2017-05-05,6571.0,3.1762,11.25
2017-05-04,64863.0,3.188,11.25
2017-05-03,66094.0,3.1644,11.25
2017-05-02,66722.0,3.1514,11.25
2017-04-28,65403.0,3.1758,11.25
2017-04-27,64677.0,3.1832,11.25
2017-04-26,64862.0,3.171,11.25
2017-04-25,65148.0,3.1459,11.25
2017-04-24,64389.0,3.1271,11.25
2017-04-20,63761.0,3.1483,11.25
2017-04-19,63407.0,3.1514,11.25
2017-04-18,64159.0,3.1072,11.25
2017-04-17,64335.0,3.0979,11.25
2017-04-13,62826.0,3.1437,11.25
2017-04-12,63892.0,3.1251,11.25
2017-04-11,6436.0,3.136,12.25
2017-04-10,6465.0,3.1311,12.25
2017-04-07,64593.0,3.1457,12.25
2017-04-06,64223.0,3.142,12.25
2017-04-05,64775.0,3.1192,12.25
2017-04-04,65769.0,3.0927,12.25
2017-04-03,65211.0,3.1138,12.25
2017-03-31,64984.0,3.123,12.25
2017-03-30,65266.0,3.1483,12.25
2017-03-29,65528.0,3.1193,12.25
2017-03-28,6464.0,3.1398,12.25
2017-03-27,64308.0,3.1256,12.25
2017-03-24,63854.0,3.1073,12.25
2017-03-23,63531.0,3.1383,12.25
2017-03-22,63521.0,3.087,12.25
2017-03-21,6298.0,3.0878,12.25
2017-03-20,64884.0,3.072,12.25
2017-03-17,6421.0,3.0911,12.25
2017-03-16,65783.0,3.118,12.25
2017-03-15,66235.0,3.1033,12.25
2017-03-14,64699.0,3.1683,12.25
2017-03-13,65534.0,3.1523,12.25
2017-03-10,64675.0,3.138,12.25
2017-03-09,64585.0,3.1929,12.25
2017-03-08,64718.0,3.1624,12.25
2017-03-07,65742.0,3.1187,12.25
2017-03-06,66341.0,3.1383,12.25
2017-03-03,66786.0,3.1143,12.25
2017-03-02,65855.0,3.156,12.25
2017-03-01,66989.0,3.089,12.25
2017-02-24,66662.0,3.11,12.25
2017-02-23,67461.0,3.059,12.25
2017-02-22,6859.0,3.063,12.25
2017-02-21,69052.0,3.0949,13.0
2017-02-20,68533.0,3.086,13.0
2017-02-17,67748.0,3.1035,13.0
2017-02-16,67814.0,3.0889,13.0
2017-02-15,67976.0,3.0565,13.0
2017-02-14,66713.0,3.084,13.0
2017-02-13,66968.0,3.111,13.0
2017-02-10,66125.0,3.1145,13.0
2017-02-09,64965.0,3.1299,13.0
2017-02-08,64835.0,3.117,13.0
2017-02-07,64199.0,3.12,13.0
2017-02-06,63993.0,3.1155,13.0
2017-02-03,64954.0,3.1174,13.0
2017-02-02,64578.0,3.1235,13.0
2017-02-01,64836.0,3.1285,13.0
2017-01-31,64671.0,3.1507,13.0
2017-01-30,64302.0,3.1255,13.0
2017-01-27,66034.0,3.14,13.0
2017-01-26,66191.0,3.1775,13.0
2017-01-24,6584.0,3.1697,13.0
2017-01-23,65749.0,3.1628,13.0
2017-01-20,64521.0,3.1685,13.0
2017-01-19,63951.0,3.196,13.0
2017-01-18,6415.0,3.2307,13.0
2017-01-17,64354.0,3.2113,13.0
2017-01-16,63831.0,3.2415,13.0
2017-01-13,63652.0,3.2205,13.0
2017-01-12,63954.0,3.1878,13.0
2017-01-11,62446.0,3.1965,13.0
2017-01-10,62132.0,3.1955,13.75
2017-01-09,617.0,3.1967,13.75
2017-01-06,61665.0,3.2239,13.75
2017-01-05,62071.0,3.1988,13.75
2017-01-04,61589.0,3.216,13.75
2017-01-03,61814.0,3.2644,13.75
2017-01-02,59589.0,3.2851,13.75
2016-12-29,60227.0,3.2532,13.75
2016-12-28,59782.0,3.284,13.75
2016-12-27,58697.0,3.2697,13.75
2016-12-26,5862.0,3.276,13.75
2016-12-23,57937.0,3.2705,13.75
2016-12-22,57255.0,3.2865,13.75
2016-12-21,57647.0,3.3265,13.75
2016-12-20,57583.0,3.3536,13.75
2016-12-19,57111.0,3.3645,13.75
2016-12-16,58389.0,3.3915,13.75
2016-12-15,58396.0,3.369,13.75
2016-12-14,58212.0,3.369,13.75
2016-12-13,59281.0,3.3345,13.75
2016-12-12,59179.0,3.338,13.75
2016-12-09,60501.0,3.377,13.75
2016-12-08,60677.0,3.375,13.75
2016-12-07,61414.0,3.3825,13.75
2016-12-06,61088.0,3.4075,13.75
2016-12-05,59832.0,3.4201,13.75
2016-12-02,60316.0,3.475,13.75
2016-12-01,59507.0,3.4703,13.75
2016-11-30,61906.0,3.3827,13.75
2016-11-29,60987.0,3.3975,14.0
2016-11-28,62855.0,3.3844,14.0
2016-11-25,61559.0,3.4208,14.0
2016-11-24,61396.0,3.3905,14.0
2016-11-23,61986.0,3.393,14.0
2016-11-22,61954.0,3.354,14.0
2016-11-21,6107.0,3.3511,14.0
2016-11-18,59962.0,3.3825,14.0
2016-11-17,5977.0,3.4178,14.0
2016-11-16,60759.0,3.419,14.0
2016-11-14,59657.0,3.4316,14.0
2016-11-11,59184.0,3.39,14.0
2016-11-10,61201.0,3.3849,14.0
2016-11-09,63258.0,3.2157,14.0
2016-11-08,64158.0,3.168,14.0
2016-11-07,64052.0,3.2005,14.0
2016-11-04,61598.0,3.2322,14.0
2016-11-03,6175.0,3.241,14.0
2016-11-01,63326.0,3.2355,14.0
2016-10-31,64925.0,3.1878,14.0
2016-10-28,64308.0,3.205,14.0
2016-10-27,6425.0,3.1686,14.0
2016-10-26,63826.0,3.1394,14.0
2016-10-25,63866.0,3.1136,14.0
2016-10-24,6406.0,3.1231,14.0
2016-10-21,64108.0,3.1496,14.0
2016-10-20,63838.0,3.1418,14.0
2016-10-19,63506.0,3.1682,14.0
2016-10-18,63782.0,3.1873,14.25
2016-10-17,62696.0,3.2007,14.25
2016-10-14,61767.0,3.2036,14.25
2016-10-13,61119.0,3.177,14.25
2016-10-11,61022.0,3.1946,14.25
2016-10-10,61668.0,3.205,14.25
2016-10-07,61109.0,3.219,14.25
2016-10-06,60644.0,3.2295,14.25
2016-10-05,60254.0,3.2191,14.25
2016-10-04,59339.0,3.2563,14.25
2016-10-03,59461.0,3.209,14.25
2016-09-30,58367.0,3.2589,14.25
2016-09-29,58351.0,3.258,14.25
2016-09-28,59356.0,3.2157,14.25
2016-09-27,58382.0,3.2335,14.25
2016-09-26,58054.0,3.2392,14.25
2016-09-23,58697.0,3.2438,14.25
2016-09-22,58994.0,3.2199,14.25
2016-09-21,58394.0,3.2056,14.25
2016-09-20,57736.0,3.2576,14.25
2016-09-19,5735.0,3.2725,14.25
2016-09-16,5708.0,3.2615,14.25
2016-09-15,57909.0,3.3019,14.25
2016-09-14,57059.0,3.342,14.25
2016-09-13,56821.0,3.3131,14.25
2016-09-12,58586.0,3.2452,14.25
2016-09-09,580.0,3.272,14.25
2016-09-08,60232.0,3.2134,14.25
2016-09-06,60129.0,3.194,14.25
2016-09-05,59566.0,3.282,14.25
2016-09-02,59616.0,3.2555,14.25
2016-09-01,58236.0,3.2578,14.25
2016-08-31,57901.0,3.2266,14.25
2016-08-30,58575.0,3.241,14.25
2016-08-29,5861.0,3.2293,14.25
2016-08-26,57716.0,3.2641,14.25
2016-08-25,57722.0,3.2361,14.25
2016-08-24,57718.0,3.2246,14.25
2016-08-23,5802.0,3.2325,14.25
2016-08-22,57781.0,3.2005,14.25
2016-08-19,59099.0,3.2025,14.25
2016-08-18,59166.0,3.2383,14.25
2016-08-17,59324.0,3.2032,14.25
2016-08-16,58855.0,3.2014,14.25
2016-08-15,59146.0,3.1856,14.25
2016-08-12,58298.0,3.1917,14.25
2016-08-11,583.0,3.1447,14.25
2016-08-10,5692.0,3.1266,14.25
2016-08-09,57689.0,3.1448,14.25
2016-08-08,57635.0,3.1741,14.25
2016-08-05,57661.0,3.1645,14.25
2016-08-04,57594.0,3.1935,14.25
2016-08-03,57077.0,3.2367,14.25
2016-08-02,56162.0,3.2568,14.25
2016-08-01,56756.0,3.2644,14.25
2016-07-29,57308.0,3.2471,14.25
2016-07-28,56667.0,3.2884,14.25
2016-07-27,56853.0,3.2633,14.25
2016-07-26,56783.0,3.2762,14.25
2016-07-25,56873.0,3.2845,14.25
2016-07-22,57002.0,3.2563,14.25
2016-07-21,56641.0,3.271,14.25
2016-07-20,56578.0,3.2588,14.25
2016-07-19,56698.0,3.2488,14.25
2016-07-18,56484.0,3.2522,14.25
2016-07-15,55578.0,3.2808,14.25
2016-07-14,55481.0,3.2501,14.25
2016-07-13,54598.0,3.263,14.25
2016-07-12,54256.0,3.2945,14.25
2016-07-11,5396.0,3.3085,14.25
2016-07-08,53141.0,3.2995,14.25
2016-07-07,52015.0,3.3668,14.25
2016-07-06,51902.0,3.3296,14.25
2016-07-05,51842.0,3.3019,14.25
2016-07-04,52569.0,3.2692,14.25
2016-07-01,52233.0,3.2348,14.25
2016-06-30,51527.0,3.2126,14.25
2016-06-29,51002.0,3.2215,14.25
2016-06-28,50007.0,3.3016,14.25
2016-06-27,49246.0,3.3916,14.25
2016-06-24,50105.0,3.3725,14.25
2016-06-23,5156.0,3.3376,14.25
2016-06-22,50156.0,3.3756,14.25
2016-06-21,50838.0,3.4153,14.25
2016-06-20,50329.0,3.3934,14.25
2016-06-17,49534.0,3.4158,14.25
2016-06-16,49412.0,3.4656,14.25
2016-06-15,48915.0,3.4726,14.25
2016-06-14,48648.0,3.4802,14.25
2016-06-13,49661.0,3.4817,14.25
2016-06-10,49422.0,3.4175,14.25
2016-06-09,51118.0,3.3995,14.25
2016-06-08,51629.0,3.3615,14.25
2016-06-07,50488.0,3.441,14.25
2016-06-06,50432.0,3.4885,14.25
2016-06-03,50619.0,3.5237,14.25
2016-06-02,49887.0,3.5916,14.25
2016-06-01,49013.0,3.5996,14.25
2016-05-31,48472.0,3.6105,14.25
2016-05-30,48964.0,3.57,14.25
2016-05-27,49051.0,3.6105,14.25
2016-05-25,49483.0,3.5833,14.25
2016-05-24,49345.0,3.5703,14.25
2016-05-23,4933.0,3.5722,14.25
2016-05-20,49723.0,3.5195,14.25
2016-05-19,50133.0,3.5631,14.25
2016-05-18,50562.0,3.567,14.25
2016-05-17,50839.0,3.4873,14.25
2016-05-16,51803.0,3.4988,14.25
2016-05-13,51804.0,3.5325,14.25
2016-05-12,53241.0,3.4845,14.25
2016-05-11,52764.0,3.4513,14.25
2016-05-10,53071.0,3.4753,14.25
2016-05-09,5099.0,3.5152,14.25
2016-05-06,51718.0,3.5008,14.25
2016-05-05,51671.0,3.5343,14.25
2016-05-04,52553.0,3.5462,14.25
2016-05-03,5226.0,3.5584,14.25
2016-05-02,53562.0,3.5006,14.25
2016-04-29,53911.0,3.4352,14.25
2016-04-28,54312.0,3.4875,14.25
2016-04-27,54478.0,3.5262,14.25
2016-04-26,53083.0,3.5288,14.25
2016-04-25,51862.0,3.5543,14.25
2016-04-22,52908.0,3.5638,14.25
2016-04-20,53631.0,3.5284,14.25
2016-04-19,5371.0,3.5326,14.25
2016-04-18,52894.0,3.6147,14.25
2016-04-15,53228.0,3.5325,14.25
2016-04-14,52411.0,3.4824,14.25
2016-04-13,5315.0,3.4974,14.25
2016-04-12,52002.0,3.492,14.25
2016-04-11,50165.0,3.4912,14.25
2016-04-08,50293.0,3.5886,14.25
2016-04-07,48513.0,3.689,14.25
2016-04-06,48096.0,3.6398,14.25
2016-04-05,49054.0,3.6795,14.25
2016-04-04,4878.0,3.6228,14.25
2016-04-01,50562.0,3.5525,14.25
2016-03-31,50055.0,3.5925,14.25
2016-03-30,51249.0,3.5988,14.25
2016-03-29,51155.0,3.6379,14.25
2016-03-28,50838.0,3.627,14.25
2016-03-24,49657.0,3.6756,14.25
2016-03-23,4969.0,3.6841,14.25
2016-03-22,5101.0,3.5806,14.25
2016-03-21,51172.0,3.6165,14.25
2016-03-18,50815.0,3.6225,14.25
2016-03-17,50914.0,3.6258,14.25
2016-03-16,47763.0,3.7414,14.25
2016-03-15,4713.0,3.7641,14.25
2016-03-14,48867.0,3.6605,14.25
2016-03-11,49639.0,3.5811,14.25
2016-03-10,49571.0,3.62,14.25
2016-03-09,48665.0,3.6834,14.25
2016-03-08,49102.0,3.7541,14.25
2016-03-07,49246.0,3.7815,14.25
2016-03-04,49085.0,3.7586,14.25
2016-03-03,47193.0,3.7976,14.25
2016-03-02,44893.0,3.8917,14.25
2016-03-01,44122.0,3.926,14.25
2016-02-29,42794.0,4.0156,14.25
2016-02-26,41593.0,3.9925,14.25
2016-02-25,41888.0,3.9545,14.25
2016-02-24,42085.0,3.9576,14.25
2016-02-23,42521.0,3.9554,14.25
2016-02-22,43235.0,3.9458,14.25
2016-02-19,41543.0,4.0199,14.25
2016-02-18,41478.0,4.0269,14.25
2016-02-17,41631.0,3.9836,14.25
2016-02-16,40948.0,4.0708,14.25
2016-02-15,40093.0,4.0045,14.25
2016-02-12,39808.0,4.0012,14.25
2016-02-11,39318.0,3.9931,14.25
2016-02-10,40377.0,3.927,14.25
2016-02-05,40592.0,3.902,14.25
2016-02-04,40822.0,3.8882,14.25
2016-02-03,39589.0,3.8939,14.25
2016-02-02,38596.0,3.988,14.25
2016-02-01,4057.0,3.9614,14.25
2016-01-29,40406.0,3.9973,14.25
2016-01-28,3863.0,4.0684,14.25
2016-01-27,38376.0,4.1062,14.25
2016-01-26,37497.0,4.0521,14.25
2016-01-22,38031.0,4.093,14.25
2016-01-21,37717.0,4.156,14.25
2016-01-20,37645.0,4.0956,14.25
2016-01-19,38057.0,4.0611,14.25
2016-01-18,37937.0,4.0542,14.25
2016-01-15,38569.0,4.0464,14.25
2016-01-14,395.0,3.9981,14.25
2016-01-13,38944.0,4.0143,14.25
2016-01-12,39514.0,4.0275,14.25
2016-01-11,3995.0,4.0522,14.25
2016-01-08,40612.0,4.023,14.25
2016-01-07,40695.0,4.0433,14.25
2016-01-06,41773.0,4.0229,14.25
2016-01-05,42419.0,4.0062,14.25
2016-01-04,42141.0,4.0387,14.25
